codigo,id,slug,nome,categoria,objetivos,tags_praticas,tempo_min,dificuldade,custo,porcoes,ingredientes,preparo,substituicoes,modo_familia,freezer,reaproveitamento,por_que_esta_aqui,aviso
R001,1,aveia-cremosa-com-banana-e-canela,Aveia cremosa com banana e canela,Cafés da manhã,Energia e disposição | Intestino e digestão | Sono e rotina noturna,até 10 min | econômica | iniciante,8,Fácil,Baixo,1,4 colheres (sopa) aveia em flocos | 200 ml leite ou bebida de sua preferência | 1 porção banana | 1 pitada canela,"Cozinhe a aveia com o leite em fogo baixo por 4 a 5 minutos, mexendo. | Desligue quando estiver cremosa e misture metade da fruta. | Finalize com o restante da fruta e o complemento.","Troque a fruta pela que estiver madura e mais barata na semana. | Se houver leite ou iogurte, use versão sem lactose quando necessário.","Para servir mais pessoas, multiplique as quantidades mantendo a mesma proporção dos ingredientes.",Não é a melhor opção para congelar.,Guarde as sobras refrigeradas e consuma em até 2 dias.,"Combina aveia em flocos, leite ou bebida de sua preferência e banana em um café da manhã simples, com poucos passos e ingredientes fáceis de encontrar.",As áreas de interesse são filtros editoriais de navegação e não indicam tratamento de sintomas ou doenças. Conteúdo alimentar e educacional; não substitui orientação individual de profissional de saúde.
R002,2,aveia-cremosa-com-mamao-e-chia,Aveia cremosa com mamão e chia,Cafés da manhã,Energia e disposição | Sono e rotina noturna | Intestino e digestão,até 10 min | econômica | iniciante,8,Fácil,Baixo,1,4 colheres (sopa) aveia em flocos | 200 ml leite ou bebida de sua preferência | 1 porção mamão | 1 colher (sopa) chia,"Cozinhe a aveia com o leite em fogo baixo por 4 a 5 minutos, mexendo. | Desligue quando estiver cremosa e misture metade da fruta. | Finalize com o restante da fruta e o complemento.","Troque a fruta pela que estiver madura e mais barata na semana. | Se houver leite ou iogurte, use versão sem lactose quando necessário.","Para servir mais pessoas, multiplique as quantidades mantendo a mesma proporção dos ingredientes.",Não é a melhor opção para congelar.,Guarde as sobras refrigeradas e consuma em até 2 dias.,"Combina aveia em flocos, leite ou bebida de sua preferência e mamão em um café da manhã simples, com poucos passos e ingredientes fáceis de encontrar.",As áreas de interesse são filtros editoriais de navegação e não indicam tratamento de sintomas ou doenças. Conteúdo alimentar e educacional; não substitui orientação individual de profissional de saúde.
R003,3,aveia-cremosa-com-maca-e-canela,Aveia cremosa com maçã e canela,Cafés da manhã,Energia e disposição | Intestino e digestão | Sono e rotina noturna,até 10 min | econômica | iniciante,8,Fácil,Baixo,1,4 colheres (sopa) aveia em flocos | 200 ml leite ou bebida de sua preferência | 1 porção maçã | 1 pitada canela,"Cozinhe a aveia com o leite em fogo baixo por 4 a 5 minutos, mexendo. | Desligue quando estiver cremosa e misture metade da fruta. | Finalize com o restante da fruta e o complemento.","Troque a fruta pela que estiver madura e mais barata na semana. | Se houver leite ou iogurte, use versão sem lactose quando necessário.","Para servir mais pessoas, multiplique as quantidades mantendo a mesma proporção dos ingredientes.",Não é a melhor opção para congelar.,Guarde as sobras refrigeradas e consuma em até 2 dias.,"Combina aveia em flocos, leite ou bebida de sua preferência e maçã em um café da manhã simples, com poucos passos e ingredientes fáceis de encontrar.",As áreas de interesse são filtros editoriais de navegação e não indicam tratamento de sintomas ou doenças. Conteúdo alimentar e educacional; não substitui orientação individual de profissional de saúde.
R004,4,aveia-cremosa-com-pera-e-linhaca,Aveia cremosa com pera e linhaça,Cafés da manhã,Energia e disposição | Intestino e digestão | Sono e rotina noturna,até 10 min | econômica | iniciante,8,Fácil,Baixo,1,4 colheres (sopa) aveia em flocos | 200 ml leite ou bebida de sua preferência | 1 porção pera | 1 colher (sopa) linhaça,"Cozinhe a aveia com o leite em fogo baixo por 4 a 5 minutos, mexendo. | Desligue quando estiver cremosa e misture metade da fruta. | Finalize com o restante da fruta e o complemento.","Troque a fruta pela que estiver madura e mais barata na semana. | Se houver leite ou iogurte, use versão sem lactose quando necessário.","Para servir mais pessoas, multiplique as quantidades mantendo a mesma proporção dos ingredientes.",Não é a melhor opção para congelar.,Guarde as sobras refrigeradas e consuma em até 2 dias.,"Combina aveia em flocos, leite ou bebida de sua preferência e pera em um café da manhã simples, com poucos passos e ingredientes fáceis de encontrar.",As áreas de interesse são filtros editoriais de navegação e não indicam tratamento de sintomas ou doenças. Conteúdo alimentar e educacional; não substitui orientação individual de profissional de saúde.
R005,5,aveia-cremosa-com-manga-e-chia,Aveia cremosa com manga e chia,Cafés da manhã,Energia e disposição | Intestino e digestão | Sono e rotina noturna,até 10 min | econômica | iniciante,8,Fácil,Baixo,1,4 colheres (sopa) aveia em flocos | 200 ml leite ou bebida de sua preferência | 1 porção manga | 1 colher (sopa) chia,"Cozinhe a aveia com o leite em fogo baixo por 4 a 5 minutos, mexendo. | Desligue quando estiver cremosa e misture metade da fruta. | Finalize com o restante da fruta e o complemento.","Troque a fruta pela que estiver madura e mais barata na semana. | Se houver leite ou iogurte, use versão sem lactose quando necessário.","Para servir mais pessoas, multiplique as quantidades mantendo a mesma proporção dos ingredientes.",Não é a melhor opção para congelar.,Guarde as sobras refrigeradas e consuma em até 2 dias.,"Combina aveia em flocos, leite ou bebida de sua preferência e manga em um café da manhã simples, com poucos passos e ingredientes fáceis de encontrar.",As áreas de interesse são filtros editoriais de navegação e não indicam tratamento de sintomas ou doenças. Conteúdo alimentar e educacional; não substitui orientação individual de profissional de saúde.
R006,6,aveia-cremosa-com-banana-e-cacau-em-po,Aveia cremosa com banana e cacau em pó,Cafés da manhã,Energia e disposição | Intestino e digestão | Sono e rotina noturna,até 10 min | econômica | iniciante,8,Fácil,Baixo,1,4 colheres (sopa) aveia em flocos | 200 ml leite ou bebida de sua preferência | 1 porção banana | 1 colher (chá) cacau em pó,"Cozinhe a aveia com o leite em fogo baixo por 4 a 5 minutos, mexendo. | Desligue quando estiver cremosa e misture metade da fruta. | Finalize com o restante da fruta e o complemento.","Troque a fruta pela que estiver madura e mais barata na semana. | Se houver leite ou iogurte, use versão sem lactose quando necessário.","Para servir mais pessoas, multiplique as quantidades mantendo a mesma proporção dos ingredientes.",Não é a melhor opção para congelar.,Guarde as sobras refrigeradas e consuma em até 2 dias.,"Combina aveia em flocos, leite ou bebida de sua preferência e banana em um café da manhã simples, com poucos passos e ingredientes fáceis de encontrar.",As áreas de interesse são filtros editoriais de navegação e não indicam tratamento de sintomas ou doenças. Conteúdo alimentar e educacional; não substitui orientação individual de profissional de saúde.
R007,7,aveia-cremosa-com-maca-e-amendoim-torrado,Aveia cremosa com maçã e amendoim torrado,Cafés da manhã,Energia e disposição | Intestino e digestão | Sono e rotina noturna,até 10 min | econômica | iniciante,8,Fácil,Baixo,1,4 colheres (sopa) aveia em flocos | 200 ml leite ou bebida de sua preferência | 1 porção maçã | 1 colher (sopa) amendoim torrado,"Cozinhe a aveia com o leite em fogo baixo por 4 a 5 minutos, mexendo. | Desligue quando estiver cremosa e misture metade da fruta. | Finalize com o restante da fruta e o complemento.","Troque a fruta pela que estiver madura e mais barata na semana. | Se houver leite ou iogurte, use versão sem lactose quando necessário.","Para servir mais pessoas, multiplique as quantidades mantendo a mesma proporção dos ingredientes.",Não é a melhor opção para congelar.,Guarde as sobras refrigeradas e consuma em até 2 dias.,"Combina aveia em flocos, leite ou bebida de sua preferência e maçã em um café da manhã simples, com poucos passos e ingredientes fáceis de encontrar.",As áreas de interesse são filtros editoriais de navegação e não indicam tratamento de sintomas ou doenças. Conteúdo alimentar e educacional; não substitui orientação individual de profissional de saúde.
R008,8,aveia-cremosa-com-mamao-e-linhaca,Aveia cremosa com mamão e linhaça,Cafés da manhã,Energia e disposição | Sono e rotina noturna | Intestino e digestão,até 10 min | econômica | iniciante,8,Fácil,Baixo,1,4 colheres (sopa) aveia em flocos | 200 ml leite ou bebida de sua preferência | 1 porção mamão | 1 colher (sopa) linhaça,"Cozinhe a aveia com o leite em fogo baixo por 4 a 5 minutos, mexendo. | Desligue quando estiver cremosa e misture metade da fruta. | Finalize com o restante da fruta e o complemento.","Troque a fruta pela que estiver madura e mais barata na semana. | Se houver leite ou iogurte, use versão sem lactose quando necessário.","Para servir mais pessoas, multiplique as quantidades mantendo a mesma proporção dos ingredientes.",Não é a melhor opção para congelar.,Guarde as sobras refrigeradas e consuma em até 2 dias.,"Combina aveia em flocos, leite ou bebida de sua preferência e mamão em um café da manhã simples, com poucos passos e ingredientes fáceis de encontrar.",As áreas de interesse são filtros editoriais de navegação e não indicam tratamento de sintomas ou doenças. Conteúdo alimentar e educacional; não substitui orientação individual de profissional de saúde.
R009,9,aveia-cremosa-com-banana-e-coco-ralado-sem-acucar,Aveia cremosa com banana e coco ralado sem açúcar,Cafés da manhã,Energia e disposição | Intestino e digestão | Sono e rotina noturna,até 10 min | econômica | iniciante,8,Fácil,Baixo,1,4 colheres (sopa) aveia em flocos | 200 ml leite ou bebida de sua preferência | 1 porção banana | 1 colher (sopa) coco ralado sem açúcar,"Cozinhe a aveia com o leite em fogo baixo por 4 a 5 minutos, mexendo. | Desligue quando estiver cremosa e misture metade da fruta. | Finalize com o restante da fruta e o complemento.","Troque a fruta pela que estiver madura e mais barata na semana. | Se houver leite ou iogurte, use versão sem lactose quando necessário.","Para servir mais pessoas, multiplique as quantidades mantendo a mesma proporção dos ingredientes.",Não é a melhor opção para congelar.,Guarde as sobras refrigeradas e consuma em até 2 dias.,"Combina aveia em flocos, leite ou bebida de sua preferência e banana em um café da manhã simples, com poucos passos e ingredientes fáceis de encontrar.",As áreas de interesse são filtros editoriais de navegação e não indicam tratamento de sintomas ou doenças. Conteúdo alimentar e educacional; não substitui orientação individual de profissional de saúde.
R010,10,aveia-cremosa-com-pera-e-canela,Aveia cremosa com pera e canela,Cafés da manhã,Energia e disposição | Intestino e digestão | Sono e rotina noturna,até 10 min | econômica | iniciante,8,Fácil,Baixo,1,4 colheres (sopa) aveia em flocos | 200 ml leite ou bebida de sua preferência | 1 porção pera | 1 pitada canela,"Cozinhe a aveia com o leite em fogo baixo por 4 a 5 minutos, mexendo. | Desligue quando estiver cremosa e misture metade da fruta. | Finalize com o restante da fruta e o complemento.","Troque a fruta pela que estiver madura e mais barata na semana. | Se houver leite ou iogurte, use versão sem lactose quando necessário.","Para servir mais pessoas, multiplique as quantidades mantendo a mesma proporção dos ingredientes.",Não é a melhor opção para congelar.,Guarde as sobras refrigeradas e consuma em até 2 dias.,"Combina aveia em flocos, leite ou bebida de sua preferência e pera em um café da manhã simples, com poucos passos e ingredientes fáceis de encontrar.",As áreas de interesse são filtros editoriais de navegação e não indicam tratamento de sintomas ou doenças. Conteúdo alimentar e educacional; não substitui orientação individual de profissional de saúde.
R011,11,cuscuz-com-ovo-mexido-e-tomate,Cuscuz com ovo mexido e tomate,Cafés da manhã,Energia e disposição | Memória e concentração,até 20 min | econômica | iniciante,12,Fácil,Baixo,1,4 colheres (sopa) cuscuz de milho | 1 porção ovo mexido | 1 unidade média tomate,"Hidrate o flocão com água e uma pitada de sal por 5 minutos. | Cozinhe na cuscuzeira por cerca de 5 minutos. | Abra, acrescente o recheio e sirva.","Troque o recheio por ovo, frango desfiado, sardinha, queijo branco ou legumes, conforme disponibilidade.","Para servir mais pessoas, multiplique as quantidades mantendo a mesma proporção dos ingredientes.",Não é a melhor opção para congelar.,Guarde as sobras refrigeradas e consuma em até 2 dias.,"Combina cuscuz de milho, ovo mexido e tomate em um café da manhã simples, com poucos passos e ingredientes fáceis de encontrar.",As áreas de interesse são filtros editoriais de navegação e não indicam tratamento de sintomas ou doenças. Conteúdo alimentar e educacional; não substitui orientação individual de profissional de saúde.
R012,12,cuscuz-com-frango-desfiado-e-cheiro-verde,Cuscuz com frango desfiado e cheiro-verde,Cafés da manhã,Energia e disposição,até 20 min | econômica | iniciante,12,Fácil,Baixo,1,4 colheres (sopa) cuscuz de milho | 1/2 xícara frango desfiado | 2 colheres (sopa) cheiro-verde,"Hidrate o flocão com água e uma pitada de sal por 5 minutos. | Cozinhe na cuscuzeira por cerca de 5 minutos. | Abra, acrescente o recheio e sirva.","Troque o recheio por ovo, frango desfiado, sardinha, queijo branco ou legumes, conforme disponibilidade.","Para servir mais pessoas, multiplique as quantidades mantendo a mesma proporção dos ingredientes.",Não é a melhor opção para congelar.,Guarde as sobras refrigeradas e consuma em até 2 dias.,"Combina cuscuz de milho, frango desfiado e cheiro-verde em um café da manhã simples, com poucos passos e ingredientes fáceis de encontrar.",As áreas de interesse são filtros editoriais de navegação e não indicam tratamento de sintomas ou doenças. Conteúdo alimentar e educacional; não substitui orientação individual de profissional de saúde.
R013,13,cuscuz-com-queijo-branco-e-oregano,Cuscuz com queijo branco e orégano,Cafés da manhã,Energia e disposição,até 20 min | iniciante,12,Fácil,Médio,1,4 colheres (sopa) cuscuz de milho | 2 fatias finas queijo branco | 1 pitada orégano,"Hidrate o flocão com água e uma pitada de sal por 5 minutos. | Cozinhe na cuscuzeira por cerca de 5 minutos. | Abra, acrescente o recheio e sirva.","Troque o recheio por ovo, frango desfiado, sardinha, queijo branco ou legumes, conforme disponibilidade.","Para servir mais pessoas, multiplique as quantidades mantendo a mesma proporção dos ingredientes.",Não é a melhor opção para congelar.,Guarde as sobras refrigeradas e consuma em até 2 dias.,"Combina cuscuz de milho, queijo branco e orégano em um café da manhã simples, com poucos passos e ingredientes fáceis de encontrar.",As áreas de interesse são filtros editoriais de navegação e não indicam tratamento de sintomas ou doenças. Conteúdo alimentar e educacional; não substitui orientação individual de profissional de saúde.
R014,14,cuscuz-com-banana-e-canela,Cuscuz com banana e canela,Cafés da manhã,Energia e disposição | Sono e rotina noturna,até 20 min | econômica | iniciante,12,Fácil,Baixo,1,4 colheres (sopa) cuscuz de milho | 1 porção banana | 1 pitada canela,"Hidrate o flocão com água e uma pitada de sal por 5 minutos. | Cozinhe na cuscuzeira por cerca de 5 minutos. | Abra, acrescente o recheio e sirva.","Troque a fruta pela que estiver madura e mais barata na semana. | Se houver leite ou iogurte, use versão sem lactose quando necessário.","Para servir mais pessoas, multiplique as quantidades mantendo a mesma proporção dos ingredientes.",Não é a melhor opção para congelar.,Guarde as sobras refrigeradas e consuma em até 2 dias.,"Combina cuscuz de milho, banana e canela em um café da manhã simples, com poucos passos e ingredientes fáceis de encontrar.",As áreas de interesse são filtros editoriais de navegação e não indicam tratamento de sintomas ou doenças. Conteúdo alimentar e educacional; não substitui orientação individual de profissional de saúde.
R015,15,cuscuz-com-sardinha-e-tomate,Cuscuz com sardinha e tomate,Cafés da manhã,Dores e incômodos físicos | Circulação | Energia e disposição,até 20 min | econômica | iniciante,12,Fácil,Baixo,1,4 colheres (sopa) cuscuz de milho | 1 lata pequena escorrida sardinha | 1 unidade média tomate,"Hidrate o flocão com água e uma pitada de sal por 5 minutos. | Cozinhe na cuscuzeira por cerca de 5 minutos. | Abra, acrescente o recheio e sirva.","Troque o recheio por ovo, frango desfiado, sardinha, queijo branco ou legumes, conforme disponibilidade.","Para servir mais pessoas, multiplique as quantidades mantendo a mesma proporção dos ingredientes.",Não é a melhor opção para congelar.,Guarde as sobras refrigeradas e consuma em até 2 dias.,"Combina cuscuz de milho, sardinha e tomate em um café da manhã simples, com poucos passos e ingredientes fáceis de encontrar.",As áreas de interesse são filtros editoriais de navegação e não indicam tratamento de sintomas ou doenças. Conteúdo alimentar e educacional; não substitui orientação individual de profissional de saúde.
R016,16,tapioca-com-ovo-e-tomate,Tapioca com ovo e tomate,Cafés da manhã,Energia e disposição | Memória e concentração,até 10 min | econômica | iniciante,8,Fácil,Baixo,1,4 colheres (sopa) goma de tapioca | 1 unidade ovo | 1 unidade média tomate,"Espalhe a goma em frigideira antiaderente e leve ao fogo baixo. | Quando unir, vire rapidamente. | Acrescente o recheio, dobre e sirva.","Troque o recheio por ovo, frango desfiado, sardinha, queijo branco ou legumes, conforme disponibilidade.","Para servir mais pessoas, multiplique as quantidades mantendo a mesma proporção dos ingredientes.",Não é a melhor opção para congelar.,Guarde as sobras refrigeradas e consuma em até 2 dias.,"Combina goma de tapioca, ovo e tomate em um café da manhã simples, com poucos passos e ingredientes fáceis de encontrar.",As áreas de interesse são filtros editoriais de navegação e não indicam tratamento de sintomas ou doenças. Conteúdo alimentar e educacional; não substitui orientação individual de profissional de saúde.
R017,17,tapioca-com-frango-e-cenoura-ralada,Tapioca com frango e cenoura ralada,Cafés da manhã,Energia e disposição | Peso e saciedade,até 10 min | econômica | iniciante,8,Fácil,Baixo,1,4 colheres (sopa) goma de tapioca | 1/2 xícara frango desfiado | 1 unidade pequena cenoura,"Espalhe a goma em frigideira antiaderente e leve ao fogo baixo. | Quando unir, vire rapidamente. | Acrescente o recheio, dobre e sirva.","Troque o recheio por ovo, frango desfiado, sardinha, queijo branco ou legumes, conforme disponibilidade.","Para servir mais pessoas, multiplique as quantidades mantendo a mesma proporção dos ingredientes.",Não é a melhor opção para congelar.,Guarde as sobras refrigeradas e consuma em até 2 dias.,"Combina goma de tapioca, frango desfiado e cenoura em um café da manhã simples, com poucos passos e ingredientes fáceis de encontrar.",As áreas de interesse são filtros editoriais de navegação e não indicam tratamento de sintomas ou doenças. Conteúdo alimentar e educacional; não substitui orientação individual de profissional de saúde.
R018,18,tapioca-com-queijo-branco-e-tomate,Tapioca com queijo branco e tomate,Cafés da manhã,Energia e disposição,até 10 min | iniciante,8,Fácil,Médio,1,4 colheres (sopa) goma de tapioca | 2 fatias finas queijo branco | 1 unidade média tomate,"Espalhe a goma em frigideira antiaderente e leve ao fogo baixo. | Quando unir, vire rapidamente. | Acrescente o recheio, dobre e sirva.","Troque o recheio por ovo, frango desfiado, sardinha, queijo branco ou legumes, conforme disponibilidade.","Para servir mais pessoas, multiplique as quantidades mantendo a mesma proporção dos ingredientes.",Não é a melhor opção para congelar.,Guarde as sobras refrigeradas e consuma em até 2 dias.,"Combina goma de tapioca, queijo branco e tomate em um café da manhã simples, com poucos passos e ingredientes fáceis de encontrar.",As áreas de interesse são filtros editoriais de navegação e não indicam tratamento de sintomas ou doenças. Conteúdo alimentar e educacional; não substitui orientação individual de profissional de saúde.
R019,19,tapioca-com-banana-e-pasta-de-amendoim,Tapioca com banana e pasta de amendoim,Cafés da manhã,Energia e disposição | Sono e rotina noturna,até 10 min | econômica | iniciante,8,Fácil,Baixo,1,4 colheres (sopa) goma de tapioca | 1 porção banana | 1 colher (sopa) pasta de amendoim,"Espalhe a goma em frigideira antiaderente e leve ao fogo baixo. | Quando unir, vire rapidamente. | Acrescente o recheio, dobre e sirva.","Troque a fruta pela que estiver madura e mais barata na semana. | Se houver leite ou iogurte, use versão sem lactose quando necessário.","Para servir mais pessoas, multiplique as quantidades mantendo a mesma proporção dos ingredientes.",Não é a melhor opção para congelar.,Guarde as sobras refrigeradas e consuma em até 2 dias.,"Combina goma de tapioca, banana e pasta de amendoim em um café da manhã simples, com poucos passos e ingredientes fáceis de encontrar.",As áreas de interesse são filtros editoriais de navegação e não indicam tratamento de sintomas ou doenças. Conteúdo alimentar e educacional; não substitui orientação individual de profissional de saúde.
R020,20,tapioca-com-atum-e-cheiro-verde,Tapioca com atum e cheiro-verde,Cafés da manhã,Energia e disposição | Dores e incômodos físicos | Circulação,até 10 min | iniciante,8,Fácil,Médio,1,4 colheres (sopa) goma de tapioca | 1/2 lata escorrida atum | 2 colheres (sopa) cheiro-verde,"Espalhe a goma em frigideira antiaderente e leve ao fogo baixo. | Quando unir, vire rapidamente. | Acrescente o recheio, dobre e sirva.","Troque o recheio por ovo, frango desfiado, sardinha, queijo branco ou legumes, conforme disponibilidade.","Para servir mais pessoas, multiplique as quantidades mantendo a mesma proporção dos ingredientes.",Não é a melhor opção para congelar.,Guarde as sobras refrigeradas e consuma em até 2 dias.,"Combina goma de tapioca, atum e cheiro-verde em um café da manhã simples, com poucos passos e ingredientes fáceis de encontrar.",As áreas de interesse são filtros editoriais de navegação e não indicam tratamento de sintomas ou doenças. Conteúdo alimentar e educacional; não substitui orientação individual de profissional de saúde.
R021,21,omelete-de-tomate-e-cebola,Omelete de tomate e cebola,Cafés da manhã,Energia e disposição | Memória e concentração,até 10 min | econômica | uma panela só | iniciante,10,Fácil,Baixo,1,2 unidades ovos | 1 unidade média tomate | 1/2 unidade cebola | 1 colher (chá) azeite,"Bata os ovos com uma pitada de sal. | Misture os demais ingredientes. | Cozinhe em frigideira antiaderente, virando quando necessário, até firmar.","Troque o recheio por ovo, frango desfiado, sardinha, queijo branco ou legumes, conforme disponibilidade.","Para servir mais pessoas, multiplique as quantidades mantendo a mesma proporção dos ingredientes.",Não é a melhor opção para congelar.,Guarde as sobras refrigeradas e consuma em até 2 dias.,"Combina ovos, tomate e cebola em um café da manhã simples, com poucos passos e ingredientes fáceis de encontrar.",As áreas de interesse são filtros editoriais de navegação e não indicam tratamento de sintomas ou doenças. Conteúdo alimentar e educacional; não substitui orientação individual de profissional de saúde.
R022,22,omelete-de-couve-e-queijo-branco,Omelete de couve e queijo branco,Cafés da manhã,Memória e concentração | Circulação | Energia e disposição,até 10 min | uma panela só | iniciante,10,Fácil,Médio,1,2 unidades ovos | 1 xícara fatiada couve | 2 fatias finas queijo branco | 1 colher (chá) azeite,"Bata os ovos com uma pitada de sal. | Misture os demais ingredientes. | Cozinhe em frigideira antiaderente, virando quando necessário, até firmar.","Troque o recheio por ovo, frango desfiado, sardinha, queijo branco ou legumes, conforme disponibilidade.","Para servir mais pessoas, multiplique as quantidades mantendo a mesma proporção dos ingredientes.",Não é a melhor opção para congelar.,Guarde as sobras refrigeradas e consuma em até 2 dias.,"Combina ovos, couve e queijo branco em um café da manhã simples, com poucos passos e ingredientes fáceis de encontrar.",As áreas de interesse são filtros editoriais de navegação e não indicam tratamento de sintomas ou doenças. Conteúdo alimentar e educacional; não substitui orientação individual de profissional de saúde.
R023,23,omelete-de-cenoura-e-cheiro-verde,Omelete de cenoura e cheiro-verde,Cafés da manhã,Energia e disposição | Peso e saciedade | Memória e concentração,até 10 min | econômica | uma panela só | iniciante,10,Fácil,Baixo,1,2 unidades ovos | 1 unidade pequena cenoura | 2 colheres (sopa) cheiro-verde | 1 colher (chá) azeite,"Bata os ovos com uma pitada de sal. | Misture os demais ingredientes. | Cozinhe em frigideira antiaderente, virando quando necessário, até firmar.","Troque o recheio por ovo, frango desfiado, sardinha, queijo branco ou legumes, conforme disponibilidade.","Para servir mais pessoas, multiplique as quantidades mantendo a mesma proporção dos ingredientes.",Não é a melhor opção para congelar.,Guarde as sobras refrigeradas e consuma em até 2 dias.,"Combina ovos, cenoura e cheiro-verde em um café da manhã simples, com poucos passos e ingredientes fáceis de encontrar.",As áreas de interesse são filtros editoriais de navegação e não indicam tratamento de sintomas ou doenças. Conteúdo alimentar e educacional; não substitui orientação individual de profissional de saúde.
R024,24,omelete-de-abobrinha-e-oregano,Omelete de abobrinha e orégano,Cafés da manhã,Energia e disposição | Peso e saciedade | Memória e concentração,até 10 min | econômica | uma panela só | iniciante,10,Fácil,Baixo,1,2 unidades ovos | 1 unidade pequena abobrinha | 1 pitada orégano | 1 colher (chá) azeite,"Bata os ovos com uma pitada de sal. | Misture os demais ingredientes. | Cozinhe em frigideira antiaderente, virando quando necessário, até firmar.","Troque o recheio por ovo, frango desfiado, sardinha, queijo branco ou legumes, conforme disponibilidade.","Para servir mais pessoas, multiplique as quantidades mantendo a mesma proporção dos ingredientes.",Não é a melhor opção para congelar.,Guarde as sobras refrigeradas e consuma em até 2 dias.,"Combina ovos, abobrinha e orégano em um café da manhã simples, com poucos passos e ingredientes fáceis de encontrar.",As áreas de interesse são filtros editoriais de navegação e não indicam tratamento de sintomas ou doenças. Conteúdo alimentar e educacional; não substitui orientação individual de profissional de saúde.
R025,25,omelete-de-frango-desfiado-e-tomate,Omelete de frango desfiado e tomate,Cafés da manhã,Energia e disposição | Memória e concentração,até 10 min | econômica | uma panela só | iniciante,10,Fácil,Baixo,1,2 unidades ovos | 1/2 xícara frango desfiado | 1 unidade média tomate | 1 colher (chá) azeite,"Bata os ovos com uma pitada de sal. | Misture os demais ingredientes. | Cozinhe em frigideira antiaderente, virando quando necessário, até firmar.","Troque o recheio por ovo, frango desfiado, sardinha, queijo branco ou legumes, conforme disponibilidade.","Para servir mais pessoas, multiplique as quantidades mantendo a mesma proporção dos ingredientes.",Não é a melhor opção para congelar.,Guarde as sobras refrigeradas e consuma em até 2 dias.,"Combina ovos, frango desfiado e tomate em um café da manhã simples, com poucos passos e ingredientes fáceis de encontrar.",As áreas de interesse são filtros editoriais de navegação e não indicam tratamento de sintomas ou doenças. Conteúdo alimentar e educacional; não substitui orientação individual de profissional de saúde.
R026,26,ovos-mexidos-com-couve-e-tomate,Ovos mexidos com couve e tomate,Cafés da manhã,Memória e concentração | Circulação | Energia e disposição,até 10 min | econômica | iniciante,10,Fácil,Baixo,1,2 unidades ovos | 1 xícara fatiada couve | 1 unidade média tomate | 1 colher (chá) azeite,"Bata os ovos com uma pitada de sal. | Misture os demais ingredientes. | Cozinhe em frigideira antiaderente, virando quando necessário, até firmar.","Troque o recheio por ovo, frango desfiado, sardinha, queijo branco ou legumes, conforme disponibilidade.","Para servir mais pessoas, multiplique as quantidades mantendo a mesma proporção dos ingredientes.",Não é a melhor opção para congelar.,Guarde as sobras refrigeradas e consuma em até 2 dias.,"Combina ovos, couve e tomate em um café da manhã simples, com poucos passos e ingredientes fáceis de encontrar.",As áreas de interesse são filtros editoriais de navegação e não indicam tratamento de sintomas ou doenças. Conteúdo alimentar e educacional; não substitui orientação individual de profissional de saúde.
R027,27,ovos-mexidos-com-banana-da-terra-dourada,Ovos mexidos com banana-da-terra dourada,Cafés da manhã,Energia e disposição | Memória e concentração | Sono e rotina noturna,até 10 min | econômica | iniciante,10,Fácil,Baixo,1,2 unidades ovos | 1/2 unidade banana-da-terra | 1 pitada canela | 1 colher (chá) azeite,"Bata os ovos com uma pitada de sal. | Misture os demais ingredientes. | Cozinhe em frigideira antiaderente, virando quando necessário, até firmar.","Troque a fruta pela que estiver madura e mais barata na semana. | Se houver leite ou iogurte, use versão sem lactose quando necessário.","Para servir mais pessoas, multiplique as quantidades mantendo a mesma proporção dos ingredientes.",Não é a melhor opção para congelar.,Guarde as sobras refrigeradas e consuma em até 2 dias.,"Combina ovos, banana-da-terra e canela em um café da manhã simples, com poucos passos e ingredientes fáceis de encontrar.",As áreas de interesse são filtros editoriais de navegação e não indicam tratamento de sintomas ou doenças. Conteúdo alimentar e educacional; não substitui orientação individual de profissional de saúde.
R028,28,ovos-mexidos-com-cuscuz-e-tomate,Ovos mexidos com cuscuz e tomate,Cafés da manhã,Energia e disposição | Memória e concentração,até 10 min | econômica | iniciante,10,Fácil,Baixo,1,2 unidades ovos | 1 xícara cuscuz pronto | 1 unidade média tomate | 1 colher (chá) azeite,"Bata os ovos com uma pitada de sal. | Misture os demais ingredientes. | Cozinhe em frigideira antiaderente, virando quando necessário, até firmar.","Troque o recheio por ovo, frango desfiado, sardinha, queijo branco ou legumes, conforme disponibilidade.","Para servir mais pessoas, multiplique as quantidades mantendo a mesma proporção dos ingredientes.",Não é a melhor opção para congelar.,Guarde as sobras refrigeradas e consuma em até 2 dias.,"Combina ovos, cuscuz pronto e tomate em um café da manhã simples, com poucos passos e ingredientes fáceis de encontrar.",As áreas de interesse são filtros editoriais de navegação e não indicam tratamento de sintomas ou doenças. Conteúdo alimentar e educacional; não substitui orientação individual de profissional de saúde.
R029,29,ovo-de-frigideira-com-espinafre-e-cebola,Ovo de frigideira com espinafre e cebola,Cafés da manhã,Memória e concentração | Circulação | Energia e disposição,até 10 min | econômica | uma panela só | iniciante,10,Fácil,Baixo,1,2 unidades ovos | 1 xícara picado espinafre | 1/2 unidade cebola | 1 colher (chá) azeite,"Bata os ovos com uma pitada de sal. | Misture os demais ingredientes. | Cozinhe em frigideira antiaderente, virando quando necessário, até firmar.","Troque o recheio por ovo, frango desfiado, sardinha, queijo branco ou legumes, conforme disponibilidade.","Para servir mais pessoas, multiplique as quantidades mantendo a mesma proporção dos ingredientes.",Não é a melhor opção para congelar.,Guarde as sobras refrigeradas e consuma em até 2 dias.,"Combina ovos, espinafre e cebola em um café da manhã simples, com poucos passos e ingredientes fáceis de encontrar.",As áreas de interesse são filtros editoriais de navegação e não indicam tratamento de sintomas ou doenças. Conteúdo alimentar e educacional; não substitui orientação individual de profissional de saúde.
R030,30,panquequinha-de-ovo-aveia-e-banana,"Panquequinha de ovo, aveia e banana",Cafés da manhã,Energia e disposição | Intestino e digestão | Peso e saciedade,até 10 min | econômica | iniciante,10,Fácil,Baixo,1,2 unidades ovos | 2 colheres (sopa) aveia | 2 colheres (sopa) banana | 1 colher (chá) azeite,"Bata os ovos com uma pitada de sal. | Misture os demais ingredientes. | Cozinhe em frigideira antiaderente, virando quando necessário, até firmar.","Troque a fruta pela que estiver madura e mais barata na semana. | Se houver leite ou iogurte, use versão sem lactose quando necessário.","Para servir mais pessoas, multiplique as quantidades mantendo a mesma proporção dos ingredientes.",Não é a melhor opção para congelar.,Guarde as sobras refrigeradas e consuma em até 2 dias.,"Combina ovos, aveia e banana em um café da manhã simples, com poucos passos e ingredientes fáceis de encontrar.",As áreas de interesse são filtros editoriais de navegação e não indicam tratamento de sintomas ou doenças. Conteúdo alimentar e educacional; não substitui orientação individual de profissional de saúde.
R031,31,iogurte-com-mamao-aveia-e-chia,"Iogurte com mamão, aveia e chia",Cafés da manhã,Energia e disposição | Intestino e digestão | Peso e saciedade,5 min | econômica | iniciante,3,Fácil,Baixo,1,1 pote (160 a 170 g) iogurte natural | 1 porção mamão | 2 colheres (sopa) aveia em flocos | 1 colher (sopa) chia,Coloque o iogurte em uma tigela. | Acrescente a fruta picada e os complementos. | Misture na hora de comer.,"Troque a fruta pela que estiver madura e mais barata na semana. | Se houver leite ou iogurte, use versão sem lactose quando necessário.","Para servir mais pessoas, multiplique as quantidades mantendo a mesma proporção dos ingredientes.",Não é a melhor opção para congelar.,Guarde as sobras refrigeradas e consuma em até 2 dias.,"Combina iogurte natural, mamão e aveia em flocos em um café da manhã simples, com poucos passos e ingredientes fáceis de encontrar.",As áreas de interesse são filtros editoriais de navegação e não indicam tratamento de sintomas ou doenças. Conteúdo alimentar e educacional; não substitui orientação individual de profissional de saúde.
R032,32,iogurte-com-banana-aveia-e-canela,"Iogurte com banana, aveia e canela",Cafés da manhã,Energia e disposição | Intestino e digestão | Peso e saciedade,5 min | econômica | iniciante,3,Fácil,Baixo,1,1 pote (160 a 170 g) iogurte natural | 1 porção banana | 2 colheres (sopa) aveia em flocos | 1 pitada canela,Coloque o iogurte em uma tigela. | Acrescente a fruta picada e os complementos. | Misture na hora de comer.,"Troque a fruta pela que estiver madura e mais barata na semana. | Se houver leite ou iogurte, use versão sem lactose quando necessário.","Para servir mais pessoas, multiplique as quantidades mantendo a mesma proporção dos ingredientes.",Não é a melhor opção para congelar.,Guarde as sobras refrigeradas e consuma em até 2 dias.,"Combina iogurte natural, banana e aveia em flocos em um café da manhã simples, com poucos passos e ingredientes fáceis de encontrar.",As áreas de interesse são filtros editoriais de navegação e não indicam tratamento de sintomas ou doenças. Conteúdo alimentar e educacional; não substitui orientação individual de profissional de saúde.
R033,33,iogurte-com-manga-e-linhaca,Iogurte com manga e linhaça,Cafés da manhã,Energia e disposição | Intestino e digestão | Peso e saciedade,5 min | econômica | iniciante,3,Fácil,Baixo,1,1 pote (160 a 170 g) iogurte natural | 1 porção manga | 1 colher (sopa) linhaça,Coloque o iogurte em uma tigela. | Acrescente a fruta picada e os complementos. | Misture na hora de comer.,"Troque a fruta pela que estiver madura e mais barata na semana. | Se houver leite ou iogurte, use versão sem lactose quando necessário.","Para servir mais pessoas, multiplique as quantidades mantendo a mesma proporção dos ingredientes.",Não é a melhor opção para congelar.,Guarde as sobras refrigeradas e consuma em até 2 dias.,"Combina iogurte natural, manga e linhaça em um café da manhã simples, com poucos passos e ingredientes fáceis de encontrar.",As áreas de interesse são filtros editoriais de navegação e não indicam tratamento de sintomas ou doenças. Conteúdo alimentar e educacional; não substitui orientação individual de profissional de saúde.
R034,34,iogurte-com-maca-aveia-e-amendoim,"Iogurte com maçã, aveia e amendoim",Cafés da manhã,Energia e disposição | Intestino e digestão | Peso e saciedade,5 min | econômica | iniciante,3,Fácil,Baixo,1,1 pote (160 a 170 g) iogurte natural | 1 porção maçã | 2 colheres (sopa) aveia em flocos | 1 colher (sopa) amendoim,Coloque o iogurte em uma tigela. | Acrescente a fruta picada e os complementos. | Misture na hora de comer.,"Troque a fruta pela que estiver madura e mais barata na semana. | Se houver leite ou iogurte, use versão sem lactose quando necessário.","Para servir mais pessoas, multiplique as quantidades mantendo a mesma proporção dos ingredientes.",Não é a melhor opção para congelar.,Guarde as sobras refrigeradas e consuma em até 2 dias.,"Combina iogurte natural, maçã e aveia em flocos em um café da manhã simples, com poucos passos e ingredientes fáceis de encontrar.",As áreas de interesse são filtros editoriais de navegação e não indicam tratamento de sintomas ou doenças. Conteúdo alimentar e educacional; não substitui orientação individual de profissional de saúde.
R035,35,iogurte-com-pera-e-chia,Iogurte com pera e chia,Cafés da manhã,Energia e disposição | Intestino e digestão | Peso e saciedade,5 min | econômica | iniciante,3,Fácil,Baixo,1,1 pote (160 a 170 g) iogurte natural | 1 porção pera | 1 colher (sopa) chia,Coloque o iogurte em uma tigela. | Acrescente a fruta picada e os complementos. | Misture na hora de comer.,"Troque a fruta pela que estiver madura e mais barata na semana. | Se houver leite ou iogurte, use versão sem lactose quando necessário.","Para servir mais pessoas, multiplique as quantidades mantendo a mesma proporção dos ingredientes.",Não é a melhor opção para congelar.,Guarde as sobras refrigeradas e consuma em até 2 dias.,"Combina iogurte natural, pera e chia em um café da manhã simples, com poucos passos e ingredientes fáceis de encontrar.",As áreas de interesse são filtros editoriais de navegação e não indicam tratamento de sintomas ou doenças. Conteúdo alimentar e educacional; não substitui orientação individual de profissional de saúde.
R036,36,iogurte-com-banana-e-cacau,Iogurte com banana e cacau,Cafés da manhã,Energia e disposição | Sono e rotina noturna,5 min | econômica | iniciante,3,Fácil,Baixo,1,1 pote (160 a 170 g) iogurte natural | 1 porção banana | 1 colher (chá) cacau em pó,Coloque o iogurte em uma tigela. | Acrescente a fruta picada e os complementos. | Misture na hora de comer.,"Troque a fruta pela que estiver madura e mais barata na semana. | Se houver leite ou iogurte, use versão sem lactose quando necessário.","Para servir mais pessoas, multiplique as quantidades mantendo a mesma proporção dos ingredientes.",Não é a melhor opção para congelar.,Guarde as sobras refrigeradas e consuma em até 2 dias.,"Combina iogurte natural, banana e cacau em pó em um café da manhã simples, com poucos passos e ingredientes fáceis de encontrar.",As áreas de interesse são filtros editoriais de navegação e não indicam tratamento de sintomas ou doenças. Conteúdo alimentar e educacional; não substitui orientação individual de profissional de saúde.
R037,37,iogurte-com-mamao-e-linhaca,Iogurte com mamão e linhaça,Cafés da manhã,Energia e disposição | Intestino e digestão | Peso e saciedade,5 min | econômica | iniciante,3,Fácil,Baixo,1,1 pote (160 a 170 g) iogurte natural | 1 porção mamão | 1 colher (sopa) linhaça,Coloque o iogurte em uma tigela. | Acrescente a fruta picada e os complementos. | Misture na hora de comer.,"Troque a fruta pela que estiver madura e mais barata na semana. | Se houver leite ou iogurte, use versão sem lactose quando necessário.","Para servir mais pessoas, multiplique as quantidades mantendo a mesma proporção dos ingredientes.",Não é a melhor opção para congelar.,Guarde as sobras refrigeradas e consuma em até 2 dias.,"Combina iogurte natural, mamão e linhaça em um café da manhã simples, com poucos passos e ingredientes fáceis de encontrar.",As áreas de interesse são filtros editoriais de navegação e não indicam tratamento de sintomas ou doenças. Conteúdo alimentar e educacional; não substitui orientação individual de profissional de saúde.
R038,38,iogurte-com-maca-e-canela,Iogurte com maçã e canela,Cafés da manhã,Energia e disposição | Sono e rotina noturna,5 min | econômica | iniciante,3,Fácil,Baixo,1,1 pote (160 a 170 g) iogurte natural | 1 porção maçã | 1 pitada canela,Coloque o iogurte em uma tigela. | Acrescente a fruta picada e os complementos. | Misture na hora de comer.,"Troque a fruta pela que estiver madura e mais barata na semana. | Se houver leite ou iogurte, use versão sem lactose quando necessário.","Para servir mais pessoas, multiplique as quantidades mantendo a mesma proporção dos ingredientes.",Não é a melhor opção para congelar.,Guarde as sobras refrigeradas e consuma em até 2 dias.,"Combina iogurte natural, maçã e canela em um café da manhã simples, com poucos passos e ingredientes fáceis de encontrar.",As áreas de interesse são filtros editoriais de navegação e não indicam tratamento de sintomas ou doenças. Conteúdo alimentar e educacional; não substitui orientação individual de profissional de saúde.
R039,39,iogurte-com-manga-e-aveia,Iogurte com manga e aveia,Cafés da manhã,Energia e disposição | Intestino e digestão | Peso e saciedade,5 min | econômica | iniciante,3,Fácil,Baixo,1,1 pote (160 a 170 g) iogurte natural | 1 porção manga | 2 colheres (sopa) aveia em flocos,Coloque o iogurte em uma tigela. | Acrescente a fruta picada e os complementos. | Misture na hora de comer.,"Troque a fruta pela que estiver madura e mais barata na semana. | Se houver leite ou iogurte, use versão sem lactose quando necessário.","Para servir mais pessoas, multiplique as quantidades mantendo a mesma proporção dos ingredientes.",Não é a melhor opção para congelar.,Guarde as sobras refrigeradas e consuma em até 2 dias.,"Combina iogurte natural, manga e aveia em flocos em um café da manhã simples, com poucos passos e ingredientes fáceis de encontrar.",As áreas de interesse são filtros editoriais de navegação e não indicam tratamento de sintomas ou doenças. Conteúdo alimentar e educacional; não substitui orientação individual de profissional de saúde.
R040,40,iogurte-com-banana-e-coco,Iogurte com banana e coco,Cafés da manhã,Energia e disposição | Sono e rotina noturna,5 min | econômica | iniciante,3,Fácil,Baixo,1,1 pote (160 a 170 g) iogurte natural | 1 porção banana | 1 colher (sopa) coco ralado sem açúcar,Coloque o iogurte em uma tigela. | Acrescente a fruta picada e os complementos. | Misture na hora de comer.,"Troque a fruta pela que estiver madura e mais barata na semana. | Se houver leite ou iogurte, use versão sem lactose quando necessário.","Para servir mais pessoas, multiplique as quantidades mantendo a mesma proporção dos ingredientes.",Não é a melhor opção para congelar.,Guarde as sobras refrigeradas e consuma em até 2 dias.,"Combina iogurte natural, banana e coco ralado sem açúcar em um café da manhã simples, com poucos passos e ingredientes fáceis de encontrar.",As áreas de interesse são filtros editoriais de navegação e não indicam tratamento de sintomas ou doenças. Conteúdo alimentar e educacional; não substitui orientação individual de profissional de saúde.
R041,41,pao-integral-com-ovo-tomate-e-oregano,"Pão integral com ovo, tomate e orégano",Cafés da manhã,Energia e disposição | Memória e concentração,até 10 min | econômica | iniciante,7,Fácil,Baixo,1,2 fatias pão integral | 1 unidade ovo | 1 unidade média tomate | 1 xícara folhas,Prepare ou amasse o recheio. | Monte sobre o pão com os demais ingredientes. | Sirva na hora ou leve em pote bem fechado.,"Troque o recheio por ovo, frango desfiado, sardinha, queijo branco ou legumes, conforme disponibilidade.","Para servir mais pessoas, multiplique as quantidades mantendo a mesma proporção dos ingredientes.",Não é a melhor opção para congelar.,Guarde as sobras refrigeradas e consuma em até 2 dias.,"Combina pão integral, ovo e tomate em um café da manhã simples, com poucos passos e ingredientes fáceis de encontrar.",As áreas de interesse são filtros editoriais de navegação e não indicam tratamento de sintomas ou doenças. Conteúdo alimentar e educacional; não substitui orientação individual de profissional de saúde.
R042,42,pao-integral-com-frango-e-cenoura,Pão integral com frango e cenoura,Cafés da manhã,Energia e disposição | Peso e saciedade,até 10 min | econômica | iniciante,7,Fácil,Baixo,1,2 fatias pão integral | 1/2 xícara frango desfiado | 1 unidade pequena cenoura | 1 xícara folhas,Prepare ou amasse o recheio. | Monte sobre o pão com os demais ingredientes. | Sirva na hora ou leve em pote bem fechado.,"Troque o recheio por ovo, frango desfiado, sardinha, queijo branco ou legumes, conforme disponibilidade.","Para servir mais pessoas, multiplique as quantidades mantendo a mesma proporção dos ingredientes.",Não é a melhor opção para congelar.,Guarde as sobras refrigeradas e consuma em até 2 dias.,"Combina pão integral, frango desfiado e cenoura em um café da manhã simples, com poucos passos e ingredientes fáceis de encontrar.",As áreas de interesse são filtros editoriais de navegação e não indicam tratamento de sintomas ou doenças. Conteúdo alimentar e educacional; não substitui orientação individual de profissional de saúde.
R043,43,pao-integral-com-sardinha-e-tomate,Pão integral com sardinha e tomate,Cafés da manhã,Dores e incômodos físicos | Circulação | Memória e concentração,até 10 min | econômica | iniciante,7,Fácil,Baixo,1,2 fatias pão integral | 1 lata pequena escorrida sardinha | 1 unidade média tomate | 1 xícara folhas,Prepare ou amasse o recheio. | Monte sobre o pão com os demais ingredientes. | Sirva na hora ou leve em pote bem fechado.,"Troque o recheio por ovo, frango desfiado, sardinha, queijo branco ou legumes, conforme disponibilidade.","Para servir mais pessoas, multiplique as quantidades mantendo a mesma proporção dos ingredientes.",Não é a melhor opção para congelar.,Guarde as sobras refrigeradas e consuma em até 2 dias.,"Combina pão integral, sardinha e tomate em um café da manhã simples, com poucos passos e ingredientes fáceis de encontrar.",As áreas de interesse são filtros editoriais de navegação e não indicam tratamento de sintomas ou doenças. Conteúdo alimentar e educacional; não substitui orientação individual de profissional de saúde.
R044,44,pao-integral-com-queijo-branco-e-tomate,Pão integral com queijo branco e tomate,Cafés da manhã,Energia e disposição,até 10 min | iniciante,7,Fácil,Médio,1,2 fatias pão integral | 2 fatias finas queijo branco | 1 unidade média tomate | 1 xícara folhas,Prepare ou amasse o recheio. | Monte sobre o pão com os demais ingredientes. | Sirva na hora ou leve em pote bem fechado.,"Troque o recheio por ovo, frango desfiado, sardinha, queijo branco ou legumes, conforme disponibilidade.","Para servir mais pessoas, multiplique as quantidades mantendo a mesma proporção dos ingredientes.",Não é a melhor opção para congelar.,Guarde as sobras refrigeradas e consuma em até 2 dias.,"Combina pão integral, queijo branco e tomate em um café da manhã simples, com poucos passos e ingredientes fáceis de encontrar.",As áreas de interesse são filtros editoriais de navegação e não indicam tratamento de sintomas ou doenças. Conteúdo alimentar e educacional; não substitui orientação individual de profissional de saúde.
R045,45,pao-integral-com-pasta-de-grao-de-bico-e-cenoura,Pão integral com pasta de grão-de-bico e cenoura,Cafés da manhã,Energia e disposição | Intestino e digestão | Peso e saciedade,até 10 min | econômica | iniciante,7,Fácil,Baixo,1,2 fatias pão integral | 3 colheres (sopa) pasta de grão-de-bico | 1 unidade pequena cenoura | 1 xícara folhas,Prepare ou amasse o recheio. | Monte sobre o pão com os demais ingredientes. | Sirva na hora ou leve em pote bem fechado.,"Troque o recheio por ovo, frango desfiado, sardinha, queijo branco ou legumes, conforme disponibilidade.","Para servir mais pessoas, multiplique as quantidades mantendo a mesma proporção dos ingredientes.",Não é a melhor opção para congelar.,Guarde as sobras refrigeradas e consuma em até 2 dias.,"Combina pão integral, pasta de grão-de-bico e cenoura em um café da manhã simples, com poucos passos e ingredientes fáceis de encontrar.",As áreas de interesse são filtros editoriais de navegação e não indicam tratamento de sintomas ou doenças. Conteúdo alimentar e educacional; não substitui orientação individual de profissional de saúde.
R046,46,sanduiche-de-atum-com-cenoura-e-cheiro-verde,Sanduíche de atum com cenoura e cheiro-verde,Cafés da manhã,Dores e incômodos físicos | Circulação | Memória e concentração,até 10 min | iniciante,7,Fácil,Médio,1,2 fatias pão integral | 1/2 lata escorrida atum | 1 unidade pequena cenoura | 1 xícara folhas | 2 colheres (sopa) cheiro-verde,Prepare ou amasse o recheio. | Monte sobre o pão com os demais ingredientes. | Sirva na hora ou leve em pote bem fechado.,"Troque o recheio por ovo, frango desfiado, sardinha, queijo branco ou legumes, conforme disponibilidade.","Para servir mais pessoas, multiplique as quantidades mantendo a mesma proporção dos ingredientes.",Não é a melhor opção para congelar.,Guarde as sobras refrigeradas e consuma em até 2 dias.,"Combina pão integral, atum e cenoura em um café da manhã simples, com poucos passos e ingredientes fáceis de encontrar.",As áreas de interesse são filtros editoriais de navegação e não indicam tratamento de sintomas ou doenças. Conteúdo alimentar e educacional; não substitui orientação individual de profissional de saúde.
R047,47,sanduiche-de-ovo-amassado-com-tomate,Sanduíche de ovo amassado com tomate,Cafés da manhã,Energia e disposição | Memória e concentração,até 10 min | econômica | iniciante,7,Fácil,Baixo,1,2 fatias pão integral | 1 unidade ovo cozido | 1 unidade média tomate | 1 xícara folhas,Prepare ou amasse o recheio. | Monte sobre o pão com os demais ingredientes. | Sirva na hora ou leve em pote bem fechado.,"Troque o recheio por ovo, frango desfiado, sardinha, queijo branco ou legumes, conforme disponibilidade.","Para servir mais pessoas, multiplique as quantidades mantendo a mesma proporção dos ingredientes.",Não é a melhor opção para congelar.,Guarde as sobras refrigeradas e consuma em até 2 dias.,"Combina pão integral, ovo cozido e tomate em um café da manhã simples, com poucos passos e ingredientes fáceis de encontrar.",As áreas de interesse são filtros editoriais de navegação e não indicam tratamento de sintomas ou doenças. Conteúdo alimentar e educacional; não substitui orientação individual de profissional de saúde.
R048,48,sanduiche-de-frango-com-iogurte-e-cenoura,Sanduíche de frango com iogurte e cenoura,Cafés da manhã,Energia e disposição | Peso e saciedade | Sono e rotina noturna,até 10 min | econômica | iniciante,7,Fácil,Baixo,1,2 fatias pão integral | 1/2 xícara frango desfiado | 1 pote (160 a 170 g) iogurte natural | 1 xícara folhas | 1 unidade pequena cenoura,Prepare ou amasse o recheio. | Monte sobre o pão com os demais ingredientes. | Sirva na hora ou leve em pote bem fechado.,"Troque o recheio por ovo, frango desfiado, sardinha, queijo branco ou legumes, conforme disponibilidade.","Para servir mais pessoas, multiplique as quantidades mantendo a mesma proporção dos ingredientes.",Não é a melhor opção para congelar.,Guarde as sobras refrigeradas e consuma em até 2 dias.,"Combina pão integral, frango desfiado e iogurte natural em um café da manhã simples, com poucos passos e ingredientes fáceis de encontrar.",As áreas de interesse são filtros editoriais de navegação e não indicam tratamento de sintomas ou doenças. Conteúdo alimentar e educacional; não substitui orientação individual de profissional de saúde.
R049,49,torrada-com-banana-amendoim-e-canela,"Torrada com banana, amendoim e canela",Cafés da manhã,Energia e disposição | Sono e rotina noturna,até 10 min | econômica | iniciante,7,Fácil,Baixo,1,2 fatias pão integral | 1 porção banana | 1 colher (sopa) pasta de amendoim | 1 pitada canela,Prepare ou amasse o recheio. | Monte sobre o pão com os demais ingredientes. | Sirva na hora ou leve em pote bem fechado.,"Troque a fruta pela que estiver madura e mais barata na semana. | Se houver leite ou iogurte, use versão sem lactose quando necessário.","Para servir mais pessoas, multiplique as quantidades mantendo a mesma proporção dos ingredientes.",Não é a melhor opção para congelar.,Guarde as sobras refrigeradas e consuma em até 2 dias.,"Combina pão integral, banana e pasta de amendoim em um café da manhã simples, com poucos passos e ingredientes fáceis de encontrar.",As áreas de interesse são filtros editoriais de navegação e não indicam tratamento de sintomas ou doenças. Conteúdo alimentar e educacional; não substitui orientação individual de profissional de saúde.
R050,50,torrada-com-ricota-temperada-e-tomate,Torrada com ricota temperada e tomate,Cafés da manhã,Energia e disposição,até 10 min | iniciante,7,Fácil,Médio,1,2 fatias pão integral | 3 colheres (sopa) ricota | 1 unidade média tomate | 1 xícara folhas,Prepare ou amasse o recheio. | Monte sobre o pão com os demais ingredientes. | Sirva na hora ou leve em pote bem fechado.,"Troque a fruta pela que estiver madura e mais barata na semana. | Se houver leite ou iogurte, use versão sem lactose quando necessário.","Para servir mais pessoas, multiplique as quantidades mantendo a mesma proporção dos ingredientes.",Não é a melhor opção para congelar.,Guarde as sobras refrigeradas e consuma em até 2 dias.,"Combina pão integral, ricota e tomate em um café da manhã simples, com poucos passos e ingredientes fáceis de encontrar.",As áreas de interesse são filtros editoriais de navegação e não indicam tratamento de sintomas ou doenças. Conteúdo alimentar e educacional; não substitui orientação individual de profissional de saúde.
R051,51,frango-acebolado-com-arroz-feijao-e-couve,"Frango acebolado com arroz, feijão e couve",Almoços e jantares,Energia e disposição | Peso e saciedade | Circulação,até 35 min | econômica | família | marmita | freezer | iniciante,25,Fácil,Baixo,2,300 g frango em cubos | 1/2 unidade cebola | 1 xícara arroz cozido | 1 xícara feijão cozido | 1 xícara couve fatiada | 1 dente alho | 1 colher (chá) azeite | a gosto sal e ervas,"Doure o frango com alho e azeite. | Junte a cebola e cozinhe até murchar. | Aqueça arroz e feijão e refogue rapidamente a couve. | Sirva tudo no mesmo prato, ajustando os temperos.","Troque o legume pelo da estação que estiver mais acessível. | Quando fizer sentido, alterne entre frango, ovos, sardinha ou leguminosas já cozidas.","A receita pode ser multiplicada para a casa toda. Sirva a mesma base e deixe acompanhamentos ou temperos extras à mesa, sem cozinhar uma refeição separada.","Pode congelar por até 30 dias em porções individuais, exceto folhas cruas.","Use o frango restante em sanduíche, omelete, cuscuz ou salada no dia seguinte.","Reúne frango em cubos, cebola e arroz cozido em uma refeição prática para almoço ou jantar, pensada para caber na rotina e também servir à família.",As áreas de interesse são filtros editoriais de navegação e não indicam tratamento de sintomas ou doenças. Conteúdo alimentar e educacional; não substitui orientação individual de profissional de saúde.
R052,52,frango-com-abobora-e-cheiro-verde,Frango com abóbora e cheiro-verde,Almoços e jantares,Peso e saciedade | Energia e disposição,até 35 min | econômica | família | marmita | freezer | iniciante,25,Fácil,Baixo,2,300 g peito ou sobrecoxa de frango sem pele | 2 xícaras em cubos abóbora | 2 colheres (sopa) cheiro-verde | 1 dente alho | 1 colher (sopa) azeite | a gosto sal e ervas,"Tempere o frango com alho, sal e ervas. | Doure em panela ou frigideira com o azeite. | Acrescente os legumes ou acompanhamentos indicados e cozinhe até ficarem macios. | Sirva com a base descrita no nome da receita.","Troque o legume pelo da estação que estiver mais acessível. | Quando fizer sentido, alterne entre frango, ovos, sardinha ou leguminosas já cozidas.","A receita pode ser multiplicada para a casa toda. Sirva a mesma base e deixe acompanhamentos ou temperos extras à mesa, sem cozinhar uma refeição separada.","Pode congelar por até 30 dias em porções individuais, exceto folhas cruas.","Use o frango restante em sanduíche, omelete, cuscuz ou salada no dia seguinte.","Reúne peito ou sobrecoxa de frango sem pele, abóbora e cheiro-verde em uma refeição prática para almoço ou jantar, pensada para caber na rotina e também servir à família.",As áreas de interesse são filtros editoriais de navegação e não indicam tratamento de sintomas ou doenças. Conteúdo alimentar e educacional; não substitui orientação individual de profissional de saúde.
R053,53,frango-com-cenoura-e-ervilha,Frango com cenoura e ervilha,Almoços e jantares,Peso e saciedade | Energia e disposição,até 35 min | econômica | família | marmita | freezer | iniciante,25,Fácil,Baixo,2,300 g peito ou sobrecoxa de frango sem pele | 1 unidade pequena cenoura | 1/2 xícara ervilha | 1 dente alho | 1 colher (sopa) azeite | a gosto sal e ervas,"Tempere o frango com alho, sal e ervas. | Doure em panela ou frigideira com o azeite. | Acrescente os legumes ou acompanhamentos indicados e cozinhe até ficarem macios. | Sirva com a base descrita no nome da receita.","Troque o legume pelo da estação que estiver mais acessível. | Quando fizer sentido, alterne entre frango, ovos, sardinha ou leguminosas já cozidas.","A receita pode ser multiplicada para a casa toda. Sirva a mesma base e deixe acompanhamentos ou temperos extras à mesa, sem cozinhar uma refeição separada.","Pode congelar por até 30 dias em porções individuais, exceto folhas cruas.","Use o frango restante em sanduíche, omelete, cuscuz ou salada no dia seguinte.","Reúne peito ou sobrecoxa de frango sem pele, cenoura e ervilha em uma refeição prática para almoço ou jantar, pensada para caber na rotina e também servir à família.",As áreas de interesse são filtros editoriais de navegação e não indicam tratamento de sintomas ou doenças. Conteúdo alimentar e educacional; não substitui orientação individual de profissional de saúde.
R054,54,frango-com-abobrinha-e-tomate,Frango com abobrinha e tomate,Almoços e jantares,Peso e saciedade | Energia e disposição,até 35 min | econômica | família | marmita | freezer | iniciante,25,Fácil,Baixo,2,300 g peito ou sobrecoxa de frango sem pele | 1 unidade pequena abobrinha | 1 unidade média tomate | 1 dente alho | 1 colher (sopa) azeite | a gosto sal e ervas,"Tempere o frango com alho, sal e ervas. | Doure em panela ou frigideira com o azeite. | Acrescente os legumes ou acompanhamentos indicados e cozinhe até ficarem macios. | Sirva com a base descrita no nome da receita.","Troque o legume pelo da estação que estiver mais acessível. | Quando fizer sentido, alterne entre frango, ovos, sardinha ou leguminosas já cozidas.","A receita pode ser multiplicada para a casa toda. Sirva a mesma base e deixe acompanhamentos ou temperos extras à mesa, sem cozinhar uma refeição separada.","Pode congelar por até 30 dias em porções individuais, exceto folhas cruas.","Use o frango restante em sanduíche, omelete, cuscuz ou salada no dia seguinte.","Reúne peito ou sobrecoxa de frango sem pele, abobrinha e tomate em uma refeição prática para almoço ou jantar, pensada para caber na rotina e também servir à família.",As áreas de interesse são filtros editoriais de navegação e não indicam tratamento de sintomas ou doenças. Conteúdo alimentar e educacional; não substitui orientação individual de profissional de saúde.
R055,55,frango-com-brocolis-e-arroz,Frango com brócolis e arroz,Almoços e jantares,Energia e disposição | Peso e saciedade | Circulação,até 35 min | econômica | família | marmita | freezer | iniciante,25,Fácil,Baixo,2,300 g peito ou sobrecoxa de frango sem pele | 1 xícara em floretes brócolis | 1 xícara cozido arroz | 1 dente alho | 1 colher (sopa) azeite | a gosto sal e ervas,"Tempere o frango com alho, sal e ervas. | Doure em panela ou frigideira com o azeite. | Acrescente os legumes ou acompanhamentos indicados e cozinhe até ficarem macios. | Junte ou sirva com os acompanhamentos já cozidos indicados no nome da receita.","Troque o legume pelo da estação que estiver mais acessível. | Quando fizer sentido, alterne entre frango, ovos, sardinha ou leguminosas já cozidas.","A receita pode ser multiplicada para a casa toda. Sirva a mesma base e deixe acompanhamentos ou temperos extras à mesa, sem cozinhar uma refeição separada.","Pode congelar por até 30 dias em porções individuais, exceto folhas cruas.","Use o frango restante em sanduíche, omelete, cuscuz ou salada no dia seguinte.","Reúne peito ou sobrecoxa de frango sem pele, brócolis e arroz em uma refeição prática para almoço ou jantar, pensada para caber na rotina e também servir à família.",As áreas de interesse são filtros editoriais de navegação e não indicam tratamento de sintomas ou doenças. Conteúdo alimentar e educacional; não substitui orientação individual de profissional de saúde.
R056,56,frango-com-batata-doce-e-couve,Frango com batata-doce e couve,Almoços e jantares,Energia e disposição | Peso e saciedade | Circulação,até 35 min | econômica | família | marmita | freezer | iniciante,25,Fácil,Baixo,2,300 g peito ou sobrecoxa de frango sem pele | 1 unidade média batata-doce | 1 xícara fatiada couve | 1 dente alho | 1 colher (sopa) azeite | a gosto sal e ervas,"Tempere o frango com alho, sal e ervas. | Doure em panela ou frigideira com o azeite. | Acrescente os legumes ou acompanhamentos indicados e cozinhe até ficarem macios. | Sirva com a base descrita no nome da receita.","Troque o legume pelo da estação que estiver mais acessível. | Quando fizer sentido, alterne entre frango, ovos, sardinha ou leguminosas já cozidas.","A receita pode ser multiplicada para a casa toda. Sirva a mesma base e deixe acompanhamentos ou temperos extras à mesa, sem cozinhar uma refeição separada.","Pode congelar por até 30 dias em porções individuais, exceto folhas cruas.","Use o frango restante em sanduíche, omelete, cuscuz ou salada no dia seguinte.","Reúne peito ou sobrecoxa de frango sem pele, batata-doce e couve em uma refeição prática para almoço ou jantar, pensada para caber na rotina e também servir à família.",As áreas de interesse são filtros editoriais de navegação e não indicam tratamento de sintomas ou doenças. Conteúdo alimentar e educacional; não substitui orientação individual de profissional de saúde.
R057,57,frango-ensopado-com-tomate-e-cenoura,Frango ensopado com tomate e cenoura,Almoços e jantares,Peso e saciedade | Energia e disposição,até 35 min | econômica | família | marmita | freezer | uma panela só | iniciante,25,Fácil,Baixo,2,300 g peito ou sobrecoxa de frango sem pele | 1 unidade média tomate | 1 unidade pequena cenoura | 1 dente alho | 1 colher (sopa) azeite | a gosto sal e ervas,"Tempere o frango com alho, sal e ervas. | Doure em panela ou frigideira com o azeite. | Acrescente os legumes ou acompanhamentos indicados e cozinhe até ficarem macios. | Sirva com a base descrita no nome da receita.","Troque o legume pelo da estação que estiver mais acessível. | Quando fizer sentido, alterne entre frango, ovos, sardinha ou leguminosas já cozidas.","A receita pode ser multiplicada para a casa toda. Sirva a mesma base e deixe acompanhamentos ou temperos extras à mesa, sem cozinhar uma refeição separada.","Pode congelar por até 30 dias em porções individuais, exceto folhas cruas.","Use o frango restante em sanduíche, omelete, cuscuz ou salada no dia seguinte.","Reúne peito ou sobrecoxa de frango sem pele, tomate e cenoura em uma refeição prática para almoço ou jantar, pensada para caber na rotina e também servir à família.",As áreas de interesse são filtros editoriais de navegação e não indicam tratamento de sintomas ou doenças. Conteúdo alimentar e educacional; não substitui orientação individual de profissional de saúde.
R058,58,frango-de-panela-com-chuchu-e-cheiro-verde,Frango de panela com chuchu e cheiro-verde,Almoços e jantares,Peso e saciedade | Energia e disposição,até 35 min | econômica | família | marmita | freezer | iniciante,25,Fácil,Baixo,2,300 g peito ou sobrecoxa de frango sem pele | 1 unidade pequena chuchu | 2 colheres (sopa) cheiro-verde | 1 dente alho | 1 colher (sopa) azeite | a gosto sal e ervas,"Tempere o frango com alho, sal e ervas. | Doure em panela ou frigideira com o azeite. | Acrescente os legumes ou acompanhamentos indicados e cozinhe até ficarem macios. | Sirva com a base descrita no nome da receita.","Troque o legume pelo da estação que estiver mais acessível. | Quando fizer sentido, alterne entre frango, ovos, sardinha ou leguminosas já cozidas.","A receita pode ser multiplicada para a casa toda. Sirva a mesma base e deixe acompanhamentos ou temperos extras à mesa, sem cozinhar uma refeição separada.","Pode congelar por até 30 dias em porções individuais, exceto folhas cruas.","Use o frango restante em sanduíche, omelete, cuscuz ou salada no dia seguinte.","Reúne peito ou sobrecoxa de frango sem pele, chuchu e cheiro-verde em uma refeição prática para almoço ou jantar, pensada para caber na rotina e também servir à família.",As áreas de interesse são filtros editoriais de navegação e não indicam tratamento de sintomas ou doenças. Conteúdo alimentar e educacional; não substitui orientação individual de profissional de saúde.
R059,59,frango-com-quiabo-e-tomate,Frango com quiabo e tomate,Almoços e jantares,Peso e saciedade | Energia e disposição,até 35 min | econômica | família | marmita | freezer | iniciante,25,Fácil,Baixo,2,300 g peito ou sobrecoxa de frango sem pele | 1 xícara picado quiabo | 1 unidade média tomate | 1 dente alho | 1 colher (sopa) azeite | a gosto sal e ervas,"Tempere o frango com alho, sal e ervas. | Doure em panela ou frigideira com o azeite. | Acrescente os legumes ou acompanhamentos indicados e cozinhe até ficarem macios. | Sirva com a base descrita no nome da receita.","Troque o legume pelo da estação que estiver mais acessível. | Quando fizer sentido, alterne entre frango, ovos, sardinha ou leguminosas já cozidas.","A receita pode ser multiplicada para a casa toda. Sirva a mesma base e deixe acompanhamentos ou temperos extras à mesa, sem cozinhar uma refeição separada.","Pode congelar por até 30 dias em porções individuais, exceto folhas cruas.","Use o frango restante em sanduíche, omelete, cuscuz ou salada no dia seguinte.","Reúne peito ou sobrecoxa de frango sem pele, quiabo e tomate em uma refeição prática para almoço ou jantar, pensada para caber na rotina e também servir à família.",As áreas de interesse são filtros editoriais de navegação e não indicam tratamento de sintomas ou doenças. Conteúdo alimentar e educacional; não substitui orientação individual de profissional de saúde.
R060,60,frango-com-repolho-e-cenoura,Frango com repolho e cenoura,Almoços e jantares,Peso e saciedade | Energia e disposição,até 35 min | econômica | família | marmita | freezer | iniciante,25,Fácil,Baixo,2,300 g peito ou sobrecoxa de frango sem pele | 1 xícara fatiado repolho | 1 unidade pequena cenoura | 1 dente alho | 1 colher (sopa) azeite | a gosto sal e ervas,"Tempere o frango com alho, sal e ervas. | Doure em panela ou frigideira com o azeite. | Acrescente os legumes ou acompanhamentos indicados e cozinhe até ficarem macios. | Sirva com a base descrita no nome da receita.","Troque o legume pelo da estação que estiver mais acessível. | Quando fizer sentido, alterne entre frango, ovos, sardinha ou leguminosas já cozidas.","A receita pode ser multiplicada para a casa toda. Sirva a mesma base e deixe acompanhamentos ou temperos extras à mesa, sem cozinhar uma refeição separada.","Pode congelar por até 30 dias em porções individuais, exceto folhas cruas.","Use o frango restante em sanduíche, omelete, cuscuz ou salada no dia seguinte.","Reúne peito ou sobrecoxa de frango sem pele, repolho e cenoura em uma refeição prática para almoço ou jantar, pensada para caber na rotina e também servir à família.",As áreas de interesse são filtros editoriais de navegação e não indicam tratamento de sintomas ou doenças. Conteúdo alimentar e educacional; não substitui orientação individual de profissional de saúde.
R061,61,frango-com-lentilha-e-legumes,Frango com lentilha e legumes,Almoços e jantares,Peso e saciedade | Circulação | Intestino e digestão,até 35 min | econômica | família | marmita | freezer | iniciante,25,Fácil,Baixo,2,300 g peito ou sobrecoxa de frango sem pele | 1 xícara cozida lentilha | 1 unidade pequena cenoura | 1 dente alho | 1 colher (sopa) azeite | a gosto sal e ervas,"Tempere o frango com alho, sal e ervas. | Doure em panela ou frigideira com o azeite. | Acrescente os legumes ou acompanhamentos indicados e cozinhe até ficarem macios. | Sirva com a base descrita no nome da receita.","Troque o legume pelo da estação que estiver mais acessível. | Quando fizer sentido, alterne entre frango, ovos, sardinha ou leguminosas já cozidas.","A receita pode ser multiplicada para a casa toda. Sirva a mesma base e deixe acompanhamentos ou temperos extras à mesa, sem cozinhar uma refeição separada.","Pode congelar por até 30 dias em porções individuais, exceto folhas cruas.","Use o frango restante em sanduíche, omelete, cuscuz ou salada no dia seguinte.","Reúne peito ou sobrecoxa de frango sem pele, lentilha e cenoura em uma refeição prática para almoço ou jantar, pensada para caber na rotina e também servir à família.",As áreas de interesse são filtros editoriais de navegação e não indicam tratamento de sintomas ou doenças. Conteúdo alimentar e educacional; não substitui orientação individual de profissional de saúde.
R062,62,frango-com-grao-de-bico-e-tomate,Frango com grão-de-bico e tomate,Almoços e jantares,Circulação | Intestino e digestão | Peso e saciedade,até 35 min | econômica | família | marmita | freezer | iniciante,25,Fácil,Baixo,2,300 g peito ou sobrecoxa de frango sem pele | 1 xícara cozido grão-de-bico | 1 unidade média tomate | 1 dente alho | 1 colher (sopa) azeite | a gosto sal e ervas,"Tempere o frango com alho, sal e ervas. | Doure em panela ou frigideira com o azeite. | Acrescente os legumes ou acompanhamentos indicados e cozinhe até ficarem macios. | Sirva com a base descrita no nome da receita.","Troque o legume pelo da estação que estiver mais acessível. | Quando fizer sentido, alterne entre frango, ovos, sardinha ou leguminosas já cozidas.","A receita pode ser multiplicada para a casa toda. Sirva a mesma base e deixe acompanhamentos ou temperos extras à mesa, sem cozinhar uma refeição separada.","Pode congelar por até 30 dias em porções individuais, exceto folhas cruas.","Use o frango restante em sanduíche, omelete, cuscuz ou salada no dia seguinte.","Reúne peito ou sobrecoxa de frango sem pele, grão-de-bico e tomate em uma refeição prática para almoço ou jantar, pensada para caber na rotina e também servir à família.",As áreas de interesse são filtros editoriais de navegação e não indicam tratamento de sintomas ou doenças. Conteúdo alimentar e educacional; não substitui orientação individual de profissional de saúde.
R063,63,frango-com-feijao-fradinho-e-couve,Frango com feijão-fradinho e couve,Almoços e jantares,Peso e saciedade | Circulação | Intestino e digestão,até 35 min | econômica | família | marmita | freezer | iniciante,25,Fácil,Baixo,2,300 g peito ou sobrecoxa de frango sem pele | 1 xícara cozido feijão-fradinho | 1 xícara fatiada couve | 1 dente alho | 1 colher (sopa) azeite | a gosto sal e ervas,"Tempere o frango com alho, sal e ervas. | Doure em panela ou frigideira com o azeite. | Acrescente os legumes ou acompanhamentos indicados e cozinhe até ficarem macios. | Junte ou sirva com os acompanhamentos já cozidos indicados no nome da receita.","Troque o legume pelo da estação que estiver mais acessível. | Quando fizer sentido, alterne entre frango, ovos, sardinha ou leguminosas já cozidas.","A receita pode ser multiplicada para a casa toda. Sirva a mesma base e deixe acompanhamentos ou temperos extras à mesa, sem cozinhar uma refeição separada.","Pode congelar por até 30 dias em porções individuais, exceto folhas cruas.","Use o frango restante em sanduíche, omelete, cuscuz ou salada no dia seguinte.","Reúne peito ou sobrecoxa de frango sem pele, feijão-fradinho e couve em uma refeição prática para almoço ou jantar, pensada para caber na rotina e também servir à família.",As áreas de interesse são filtros editoriais de navegação e não indicam tratamento de sintomas ou doenças. Conteúdo alimentar e educacional; não substitui orientação individual de profissional de saúde.
R064,64,frango-desfiado-com-pure-de-abobora,Frango desfiado com purê de abóbora,Almoços e jantares,Peso e saciedade | Energia e disposição,até 35 min | econômica | família | marmita | freezer | iniciante,25,Fácil,Baixo,2,300 g peito ou sobrecoxa de frango sem pele | 2 xícaras em cubos abóbora | 1/2 unidade cebola | 1 dente alho | 1 colher (sopa) azeite | a gosto sal e ervas,"Tempere o frango com alho, sal e ervas. | Doure em panela ou frigideira com o azeite. | Acrescente os legumes ou acompanhamentos indicados e cozinhe até ficarem macios. | Junte ou sirva com os acompanhamentos já cozidos indicados no nome da receita.","Troque o legume pelo da estação que estiver mais acessível. | Quando fizer sentido, alterne entre frango, ovos, sardinha ou leguminosas já cozidas.","A receita pode ser multiplicada para a casa toda. Sirva a mesma base e deixe acompanhamentos ou temperos extras à mesa, sem cozinhar uma refeição separada.","Pode congelar por até 30 dias em porções individuais, exceto folhas cruas.","Use o frango restante em sanduíche, omelete, cuscuz ou salada no dia seguinte.","Reúne peito ou sobrecoxa de frango sem pele, abóbora e cebola em uma refeição prática para almoço ou jantar, pensada para caber na rotina e também servir à família.",As áreas de interesse são filtros editoriais de navegação e não indicam tratamento de sintomas ou doenças. Conteúdo alimentar e educacional; não substitui orientação individual de profissional de saúde.
R065,65,frango-com-mandioca-e-tomate,Frango com mandioca e tomate,Almoços e jantares,Energia e disposição | Peso e saciedade,até 35 min | econômica | família | marmita | freezer | iniciante,25,Fácil,Baixo,2,300 g peito ou sobrecoxa de frango sem pele | 250 g mandioca | 1 unidade média tomate | 1 dente alho | 1 colher (sopa) azeite | a gosto sal e ervas,"Tempere o frango com alho, sal e ervas. | Doure em panela ou frigideira com o azeite. | Acrescente os legumes ou acompanhamentos indicados e cozinhe até ficarem macios. | Sirva com a base descrita no nome da receita.","Troque o legume pelo da estação que estiver mais acessível. | Quando fizer sentido, alterne entre frango, ovos, sardinha ou leguminosas já cozidas.","A receita pode ser multiplicada para a casa toda. Sirva a mesma base e deixe acompanhamentos ou temperos extras à mesa, sem cozinhar uma refeição separada.","Pode congelar por até 30 dias em porções individuais, exceto folhas cruas.","Use o frango restante em sanduíche, omelete, cuscuz ou salada no dia seguinte.","Reúne peito ou sobrecoxa de frango sem pele, mandioca e tomate em uma refeição prática para almoço ou jantar, pensada para caber na rotina e também servir à família.",As áreas de interesse são filtros editoriais de navegação e não indicam tratamento de sintomas ou doenças. Conteúdo alimentar e educacional; não substitui orientação individual de profissional de saúde.
R066,66,frango-ao-limao-com-arroz-e-salada,Frango ao limão com arroz e salada,Almoços e jantares,Energia e disposição | Peso e saciedade,até 35 min | econômica | família | marmita | freezer | iniciante,25,Fácil,Baixo,2,300 g peito ou sobrecoxa de frango sem pele | 1 unidade limão | 2 xícaras variadas salada | 1 dente alho | 1 colher (sopa) azeite | a gosto sal e ervas | 1 xícara arroz cozido,"Tempere o frango com alho, sal e ervas. | Doure em panela ou frigideira com o azeite. | Acrescente os legumes ou acompanhamentos indicados e cozinhe até ficarem macios. | Junte ou sirva com os acompanhamentos já cozidos indicados no nome da receita.","Troque o legume pelo da estação que estiver mais acessível. | Quando fizer sentido, alterne entre frango, ovos, sardinha ou leguminosas já cozidas.","A receita pode ser multiplicada para a casa toda. Sirva a mesma base e deixe acompanhamentos ou temperos extras à mesa, sem cozinhar uma refeição separada.","Pode congelar por até 30 dias em porções individuais, exceto folhas cruas.","Use o frango restante em sanduíche, omelete, cuscuz ou salada no dia seguinte.","Reúne peito ou sobrecoxa de frango sem pele, limão e salada em uma refeição prática para almoço ou jantar, pensada para caber na rotina e também servir à família.",As áreas de interesse são filtros editoriais de navegação e não indicam tratamento de sintomas ou doenças. Conteúdo alimentar e educacional; não substitui orientação individual de profissional de saúde.
R067,67,frango-com-curcuma-cenoura-e-arroz,"Frango com cúrcuma, cenoura e arroz",Almoços e jantares,Dores e incômodos físicos | Energia e disposição | Peso e saciedade,até 35 min | econômica | família | marmita | freezer | iniciante,25,Fácil,Baixo,2,300 g peito ou sobrecoxa de frango sem pele | 1/2 colher (chá) cúrcuma | 1 unidade pequena cenoura | 1 dente alho | 1 colher (sopa) azeite | a gosto sal e ervas | 1 xícara arroz cozido,"Tempere o frango com alho, sal e ervas. | Doure em panela ou frigideira com o azeite. | Acrescente os legumes ou acompanhamentos indicados e cozinhe até ficarem macios. | Junte ou sirva com os acompanhamentos já cozidos indicados no nome da receita.","Troque o legume pelo da estação que estiver mais acessível. | Quando fizer sentido, alterne entre frango, ovos, sardinha ou leguminosas já cozidas.","A receita pode ser multiplicada para a casa toda. Sirva a mesma base e deixe acompanhamentos ou temperos extras à mesa, sem cozinhar uma refeição separada.","Pode congelar por até 30 dias em porções individuais, exceto folhas cruas.","Use o frango restante em sanduíche, omelete, cuscuz ou salada no dia seguinte.","Reúne peito ou sobrecoxa de frango sem pele, cúrcuma e cenoura em uma refeição prática para almoço ou jantar, pensada para caber na rotina e também servir à família.",As áreas de interesse são filtros editoriais de navegação e não indicam tratamento de sintomas ou doenças. Conteúdo alimentar e educacional; não substitui orientação individual de profissional de saúde.
R068,68,frango-com-gengibre-e-legumes,Frango com gengibre e legumes,Almoços e jantares,Dores e incômodos físicos | Peso e saciedade | Energia e disposição,até 35 min | econômica | família | marmita | freezer | iniciante,25,Fácil,Baixo,2,300 g peito ou sobrecoxa de frango sem pele | 1 colher (chá) ralado gengibre | 1 unidade pequena abobrinha | 1 dente alho | 1 colher (sopa) azeite | a gosto sal e ervas,"Tempere o frango com alho, sal e ervas. | Doure em panela ou frigideira com o azeite. | Acrescente os legumes ou acompanhamentos indicados e cozinhe até ficarem macios. | Sirva com a base descrita no nome da receita.","Troque o legume pelo da estação que estiver mais acessível. | Quando fizer sentido, alterne entre frango, ovos, sardinha ou leguminosas já cozidas.","A receita pode ser multiplicada para a casa toda. Sirva a mesma base e deixe acompanhamentos ou temperos extras à mesa, sem cozinhar uma refeição separada.","Pode congelar por até 30 dias em porções individuais, exceto folhas cruas.","Use o frango restante em sanduíche, omelete, cuscuz ou salada no dia seguinte.","Reúne peito ou sobrecoxa de frango sem pele, gengibre e abobrinha em uma refeição prática para almoço ou jantar, pensada para caber na rotina e também servir à família.",As áreas de interesse são filtros editoriais de navegação e não indicam tratamento de sintomas ou doenças. Conteúdo alimentar e educacional; não substitui orientação individual de profissional de saúde.
R069,69,frango-assado-com-batata-e-cebola,Frango assado com batata e cebola,Almoços e jantares,Energia e disposição | Peso e saciedade,até 35 min | econômica | família | marmita | freezer | iniciante,25,Fácil,Baixo,2,300 g peito ou sobrecoxa de frango sem pele | 2 unidades pequenas batata | 1/2 unidade cebola | 1 dente alho | 1 colher (sopa) azeite | a gosto sal e ervas,"Tempere o frango com alho, sal e ervas. | Doure em panela ou frigideira com o azeite. | Acrescente os legumes ou acompanhamentos indicados e cozinhe até ficarem macios. | Sirva com a base descrita no nome da receita.","Troque o legume pelo da estação que estiver mais acessível. | Quando fizer sentido, alterne entre frango, ovos, sardinha ou leguminosas já cozidas.","A receita pode ser multiplicada para a casa toda. Sirva a mesma base e deixe acompanhamentos ou temperos extras à mesa, sem cozinhar uma refeição separada.","Pode congelar por até 30 dias em porções individuais, exceto folhas cruas.","Use o frango restante em sanduíche, omelete, cuscuz ou salada no dia seguinte.","Reúne peito ou sobrecoxa de frango sem pele, batata e cebola em uma refeição prática para almoço ou jantar, pensada para caber na rotina e também servir à família.",As áreas de interesse são filtros editoriais de navegação e não indicam tratamento de sintomas ou doenças. Conteúdo alimentar e educacional; não substitui orientação individual de profissional de saúde.
R070,70,frango-desfiado-com-arroz-colorido,Frango desfiado com arroz colorido,Almoços e jantares,Energia e disposição | Peso e saciedade,até 35 min | econômica | família | marmita | freezer | iniciante,25,Fácil,Baixo,2,300 g peito ou sobrecoxa de frango sem pele | 1 xícara cozido arroz | 1 unidade pequena cenoura | 1 dente alho | 1 colher (sopa) azeite | a gosto sal e ervas,"Tempere o frango com alho, sal e ervas. | Doure em panela ou frigideira com o azeite. | Acrescente os legumes ou acompanhamentos indicados e cozinhe até ficarem macios. | Junte ou sirva com os acompanhamentos já cozidos indicados no nome da receita.","Troque o legume pelo da estação que estiver mais acessível. | Quando fizer sentido, alterne entre frango, ovos, sardinha ou leguminosas já cozidas.","A receita pode ser multiplicada para a casa toda. Sirva a mesma base e deixe acompanhamentos ou temperos extras à mesa, sem cozinhar uma refeição separada.","Pode congelar por até 30 dias em porções individuais, exceto folhas cruas.","Use o frango restante em sanduíche, omelete, cuscuz ou salada no dia seguinte.","Reúne peito ou sobrecoxa de frango sem pele, arroz e cenoura em uma refeição prática para almoço ou jantar, pensada para caber na rotina e também servir à família.",As áreas de interesse são filtros editoriais de navegação e não indicam tratamento de sintomas ou doenças. Conteúdo alimentar e educacional; não substitui orientação individual de profissional de saúde.
R071,71,sardinha-com-tomate-cebola-e-arroz,"Sardinha com tomate, cebola e arroz",Almoços e jantares,Dores e incômodos físicos | Circulação | Memória e concentração,até 20 min | econômica | família | marmita | iniciante,20,Fácil,Baixo,2,1 lata pequena escorrida sardinha | 1 unidade média tomate | 1/2 unidade cebola | 1 colher (sopa) azeite | 1 dente alho | a gosto sal e ervas | 1 xícara arroz cozido,Separe e tempere os ingredientes. | Cozinhe ou aqueça a proteína com o azeite e os temperos. | Acrescente os legumes ou a base indicada e cozinhe até o ponto desejado. | Sirva imediatamente.,"Troque o legume pelo da estação que estiver mais acessível. | Quando fizer sentido, alterne entre frango, ovos, sardinha ou leguminosas já cozidas.","A receita pode ser multiplicada para a casa toda. Sirva a mesma base e deixe acompanhamentos ou temperos extras à mesa, sem cozinhar uma refeição separada.",Preparações com peixe fresco podem ser congeladas por até 30 dias; receitas com lata ficam melhores frescas.,"Transforme a sobra em recheio de sanduíche, cuscuz ou salada.","Reúne sardinha, tomate e cebola em uma refeição prática para almoço ou jantar, pensada para caber na rotina e também servir à família.",As áreas de interesse são filtros editoriais de navegação e não indicam tratamento de sintomas ou doenças. Conteúdo alimentar e educacional; não substitui orientação individual de profissional de saúde.
R072,72,sardinha-assada-com-batata-e-tomate,Sardinha assada com batata e tomate,Almoços e jantares,Dores e incômodos físicos | Circulação | Memória e concentração,até 20 min | econômica | família | marmita | iniciante,20,Fácil,Baixo,2,1 lata pequena escorrida sardinha | 2 unidades pequenas batata | 1 unidade média tomate | 1 colher (sopa) azeite | 1 dente alho | a gosto sal e ervas,Separe e tempere os ingredientes. | Cozinhe ou aqueça a proteína com o azeite e os temperos. | Acrescente os legumes ou a base indicada e cozinhe até o ponto desejado. | Sirva imediatamente.,"Troque o legume pelo da estação que estiver mais acessível. | Quando fizer sentido, alterne entre frango, ovos, sardinha ou leguminosas já cozidas.","A receita pode ser multiplicada para a casa toda. Sirva a mesma base e deixe acompanhamentos ou temperos extras à mesa, sem cozinhar uma refeição separada.",Preparações com peixe fresco podem ser congeladas por até 30 dias; receitas com lata ficam melhores frescas.,"Transforme a sobra em recheio de sanduíche, cuscuz ou salada.","Reúne sardinha, batata e tomate em uma refeição prática para almoço ou jantar, pensada para caber na rotina e também servir à família.",As áreas de interesse são filtros editoriais de navegação e não indicam tratamento de sintomas ou doenças. Conteúdo alimentar e educacional; não substitui orientação individual de profissional de saúde.
R073,73,sardinha-com-feijao-fradinho-e-cheiro-verde,Sardinha com feijão-fradinho e cheiro-verde,Almoços e jantares,Circulação | Dores e incômodos físicos | Memória e concentração,até 20 min | econômica | família | marmita | iniciante,20,Fácil,Baixo,2,1 lata pequena escorrida sardinha | 1 xícara cozido feijão-fradinho | 2 colheres (sopa) cheiro-verde | 1 colher (sopa) azeite | 1 dente alho | a gosto sal e ervas,Separe e tempere os ingredientes. | Cozinhe ou aqueça a proteína com o azeite e os temperos. | Acrescente os legumes ou a base indicada e cozinhe até o ponto desejado. | Sirva imediatamente.,"Troque o legume pelo da estação que estiver mais acessível. | Quando fizer sentido, alterne entre frango, ovos, sardinha ou leguminosas já cozidas.","A receita pode ser multiplicada para a casa toda. Sirva a mesma base e deixe acompanhamentos ou temperos extras à mesa, sem cozinhar uma refeição separada.",Preparações com peixe fresco podem ser congeladas por até 30 dias; receitas com lata ficam melhores frescas.,"Transforme a sobra em recheio de sanduíche, cuscuz ou salada.","Reúne sardinha, feijão-fradinho e cheiro-verde em uma refeição prática para almoço ou jantar, pensada para caber na rotina e também servir à família.",As áreas de interesse são filtros editoriais de navegação e não indicam tratamento de sintomas ou doenças. Conteúdo alimentar e educacional; não substitui orientação individual de profissional de saúde.
R074,74,sardinha-com-cuscuz-e-salada-de-tomate,Sardinha com cuscuz e salada de tomate,Almoços e jantares,Dores e incômodos físicos | Circulação | Memória e concentração,até 20 min | econômica | família | marmita | iniciante,20,Fácil,Baixo,2,1 lata pequena escorrida sardinha | 1 xícara pronto cuscuz | 1 unidade média tomate | 1 colher (sopa) azeite | 1 dente alho | a gosto sal e ervas,Separe e tempere os ingredientes. | Cozinhe ou aqueça a proteína com o azeite e os temperos. | Acrescente os legumes ou a base indicada e cozinhe até o ponto desejado. | Sirva imediatamente.,"Troque o legume pelo da estação que estiver mais acessível. | Quando fizer sentido, alterne entre frango, ovos, sardinha ou leguminosas já cozidas.","A receita pode ser multiplicada para a casa toda. Sirva a mesma base e deixe acompanhamentos ou temperos extras à mesa, sem cozinhar uma refeição separada.",Preparações com peixe fresco podem ser congeladas por até 30 dias; receitas com lata ficam melhores frescas.,"Transforme a sobra em recheio de sanduíche, cuscuz ou salada.","Reúne sardinha, cuscuz e tomate em uma refeição prática para almoço ou jantar, pensada para caber na rotina e também servir à família.",As áreas de interesse são filtros editoriais de navegação e não indicam tratamento de sintomas ou doenças. Conteúdo alimentar e educacional; não substitui orientação individual de profissional de saúde.
R075,75,sardinha-com-abobora-e-couve,Sardinha com abóbora e couve,Almoços e jantares,Circulação | Dores e incômodos físicos | Memória e concentração,até 20 min | econômica | família | marmita | iniciante,20,Fácil,Baixo,2,1 lata pequena escorrida sardinha | 2 xícaras em cubos abóbora | 1 xícara fatiada couve | 1 colher (sopa) azeite | 1 dente alho | a gosto sal e ervas,Separe e tempere os ingredientes. | Cozinhe ou aqueça a proteína com o azeite e os temperos. | Acrescente os legumes ou a base indicada e cozinhe até o ponto desejado. | Sirva imediatamente.,"Troque o legume pelo da estação que estiver mais acessível. | Quando fizer sentido, alterne entre frango, ovos, sardinha ou leguminosas já cozidas.","A receita pode ser multiplicada para a casa toda. Sirva a mesma base e deixe acompanhamentos ou temperos extras à mesa, sem cozinhar uma refeição separada.",Preparações com peixe fresco podem ser congeladas por até 30 dias; receitas com lata ficam melhores frescas.,"Transforme a sobra em recheio de sanduíche, cuscuz ou salada.","Reúne sardinha, abóbora e couve em uma refeição prática para almoço ou jantar, pensada para caber na rotina e também servir à família.",As áreas de interesse são filtros editoriais de navegação e não indicam tratamento de sintomas ou doenças. Conteúdo alimentar e educacional; não substitui orientação individual de profissional de saúde.
R076,76,atum-com-arroz-feijao-e-cenoura,"Atum com arroz, feijão e cenoura",Almoços e jantares,Circulação | Dores e incômodos físicos | Memória e concentração,até 20 min | família | marmita | iniciante,20,Fácil,Médio,2,1/2 lata escorrida atum | 1 xícara cozido arroz | 1 unidade pequena cenoura | 1 colher (sopa) azeite | 1 dente alho | a gosto sal e ervas | 1 xícara feijão cozido,Separe e tempere os ingredientes. | Cozinhe ou aqueça a proteína com o azeite e os temperos. | Acrescente os legumes ou a base indicada e cozinhe até o ponto desejado. | Sirva imediatamente.,"Troque o legume pelo da estação que estiver mais acessível. | Quando fizer sentido, alterne entre frango, ovos, sardinha ou leguminosas já cozidas.","A receita pode ser multiplicada para a casa toda. Sirva a mesma base e deixe acompanhamentos ou temperos extras à mesa, sem cozinhar uma refeição separada.",Preparações com peixe fresco podem ser congeladas por até 30 dias; receitas com lata ficam melhores frescas.,"Transforme a sobra em recheio de sanduíche, cuscuz ou salada.","Reúne atum, arroz e cenoura em uma refeição prática para almoço ou jantar, pensada para caber na rotina e também servir à família.",As áreas de interesse são filtros editoriais de navegação e não indicam tratamento de sintomas ou doenças. Conteúdo alimentar e educacional; não substitui orientação individual de profissional de saúde.
R077,77,atum-com-grao-de-bico-e-tomate,Atum com grão-de-bico e tomate,Almoços e jantares,Circulação | Dores e incômodos físicos | Memória e concentração,até 20 min | família | marmita | iniciante,20,Fácil,Médio,2,1/2 lata escorrida atum | 1 xícara cozido grão-de-bico | 1 unidade média tomate | 1 colher (sopa) azeite | 1 dente alho | a gosto sal e ervas,Separe e tempere os ingredientes. | Cozinhe ou aqueça a proteína com o azeite e os temperos. | Acrescente os legumes ou a base indicada e cozinhe até o ponto desejado. | Sirva imediatamente.,"Troque o legume pelo da estação que estiver mais acessível. | Quando fizer sentido, alterne entre frango, ovos, sardinha ou leguminosas já cozidas.","A receita pode ser multiplicada para a casa toda. Sirva a mesma base e deixe acompanhamentos ou temperos extras à mesa, sem cozinhar uma refeição separada.",Preparações com peixe fresco podem ser congeladas por até 30 dias; receitas com lata ficam melhores frescas.,"Transforme a sobra em recheio de sanduíche, cuscuz ou salada.","Reúne atum, grão-de-bico e tomate em uma refeição prática para almoço ou jantar, pensada para caber na rotina e também servir à família.",As áreas de interesse são filtros editoriais de navegação e não indicam tratamento de sintomas ou doenças. Conteúdo alimentar e educacional; não substitui orientação individual de profissional de saúde.
R078,78,atum-com-macarrao-tomate-e-ervilha,"Atum com macarrão, tomate e ervilha",Almoços e jantares,Dores e incômodos físicos | Circulação | Memória e concentração,até 20 min | família | marmita | iniciante,20,Fácil,Médio,2,1/2 lata escorrida atum | 1 xícara cozido macarrão | 1/2 xícara ervilha | 1 colher (sopa) azeite | 1 dente alho | a gosto sal e ervas | 1 unidade média tomate,Separe e tempere os ingredientes. | Cozinhe ou aqueça a proteína com o azeite e os temperos. | Acrescente os legumes ou a base indicada e cozinhe até o ponto desejado. | Sirva imediatamente.,"Troque o legume pelo da estação que estiver mais acessível. | Quando fizer sentido, alterne entre frango, ovos, sardinha ou leguminosas já cozidas.","A receita pode ser multiplicada para a casa toda. Sirva a mesma base e deixe acompanhamentos ou temperos extras à mesa, sem cozinhar uma refeição separada.",Preparações com peixe fresco podem ser congeladas por até 30 dias; receitas com lata ficam melhores frescas.,"Transforme a sobra em recheio de sanduíche, cuscuz ou salada.","Reúne atum, macarrão e ervilha em uma refeição prática para almoço ou jantar, pensada para caber na rotina e também servir à família.",As áreas de interesse são filtros editoriais de navegação e não indicam tratamento de sintomas ou doenças. Conteúdo alimentar e educacional; não substitui orientação individual de profissional de saúde.
R079,79,atum-com-batata-e-vagem,Atum com batata e vagem,Almoços e jantares,Dores e incômodos físicos | Circulação | Memória e concentração,até 20 min | família | marmita | iniciante,20,Fácil,Médio,2,1/2 lata escorrida atum | 2 unidades pequenas batata | 1 xícara picada vagem | 1 colher (sopa) azeite | 1 dente alho | a gosto sal e ervas,Separe e tempere os ingredientes. | Cozinhe ou aqueça a proteína com o azeite e os temperos. | Acrescente os legumes ou a base indicada e cozinhe até o ponto desejado. | Sirva imediatamente.,"Troque o legume pelo da estação que estiver mais acessível. | Quando fizer sentido, alterne entre frango, ovos, sardinha ou leguminosas já cozidas.","A receita pode ser multiplicada para a casa toda. Sirva a mesma base e deixe acompanhamentos ou temperos extras à mesa, sem cozinhar uma refeição separada.",Preparações com peixe fresco podem ser congeladas por até 30 dias; receitas com lata ficam melhores frescas.,"Transforme a sobra em recheio de sanduíche, cuscuz ou salada.","Reúne atum, batata e vagem em uma refeição prática para almoço ou jantar, pensada para caber na rotina e também servir à família.",As áreas de interesse são filtros editoriais de navegação e não indicam tratamento de sintomas ou doenças. Conteúdo alimentar e educacional; não substitui orientação individual de profissional de saúde.
R080,80,atum-com-feijao-branco-e-cenoura,Atum com feijão-branco e cenoura,Almoços e jantares,Circulação | Dores e incômodos físicos | Memória e concentração,até 20 min | família | marmita | iniciante,20,Fácil,Médio,2,1/2 lata escorrida atum | 1 xícara cozido feijão-branco | 1 unidade pequena cenoura | 1 colher (sopa) azeite | 1 dente alho | a gosto sal e ervas,Separe e tempere os ingredientes. | Cozinhe ou aqueça a proteína com o azeite e os temperos. | Acrescente os legumes ou a base indicada e cozinhe até o ponto desejado. | Sirva imediatamente.,"Troque o legume pelo da estação que estiver mais acessível. | Quando fizer sentido, alterne entre frango, ovos, sardinha ou leguminosas já cozidas.","A receita pode ser multiplicada para a casa toda. Sirva a mesma base e deixe acompanhamentos ou temperos extras à mesa, sem cozinhar uma refeição separada.",Preparações com peixe fresco podem ser congeladas por até 30 dias; receitas com lata ficam melhores frescas.,"Transforme a sobra em recheio de sanduíche, cuscuz ou salada.","Reúne atum, feijão-branco e cenoura em uma refeição prática para almoço ou jantar, pensada para caber na rotina e também servir à família.",As áreas de interesse são filtros editoriais de navegação e não indicam tratamento de sintomas ou doenças. Conteúdo alimentar e educacional; não substitui orientação individual de profissional de saúde.
R081,81,peixe-assado-com-tomate-e-cebola,Peixe assado com tomate e cebola,Almoços e jantares,Dores e incômodos físicos | Circulação | Memória e concentração,até 20 min | família | marmita | iniciante,20,Fácil,Médio,2,300 g filé de peixe | 1 unidade média tomate | 1/2 unidade cebola | 1 colher (sopa) azeite | 1 dente alho | a gosto sal e ervas,Separe e tempere os ingredientes. | Cozinhe ou aqueça a proteína com o azeite e os temperos. | Acrescente os legumes ou a base indicada e cozinhe até o ponto desejado. | Sirva imediatamente.,"Troque o legume pelo da estação que estiver mais acessível. | Quando fizer sentido, alterne entre frango, ovos, sardinha ou leguminosas já cozidas.","A receita pode ser multiplicada para a casa toda. Sirva a mesma base e deixe acompanhamentos ou temperos extras à mesa, sem cozinhar uma refeição separada.",Preparações com peixe fresco podem ser congeladas por até 30 dias; receitas com lata ficam melhores frescas.,"Transforme a sobra em recheio de sanduíche, cuscuz ou salada.","Reúne filé de peixe, tomate e cebola em uma refeição prática para almoço ou jantar, pensada para caber na rotina e também servir à família.",As áreas de interesse são filtros editoriais de navegação e não indicam tratamento de sintomas ou doenças. Conteúdo alimentar e educacional; não substitui orientação individual de profissional de saúde.
R082,82,peixe-com-abobora-e-couve,Peixe com abóbora e couve,Almoços e jantares,Circulação | Dores e incômodos físicos | Memória e concentração,até 20 min | família | marmita | iniciante,20,Fácil,Médio,2,300 g filé de peixe | 2 xícaras em cubos abóbora | 1 xícara fatiada couve | 1 colher (sopa) azeite | 1 dente alho | a gosto sal e ervas,Separe e tempere os ingredientes. | Cozinhe ou aqueça a proteína com o azeite e os temperos. | Acrescente os legumes ou a base indicada e cozinhe até o ponto desejado. | Sirva imediatamente.,"Troque o legume pelo da estação que estiver mais acessível. | Quando fizer sentido, alterne entre frango, ovos, sardinha ou leguminosas já cozidas.","A receita pode ser multiplicada para a casa toda. Sirva a mesma base e deixe acompanhamentos ou temperos extras à mesa, sem cozinhar uma refeição separada.",Preparações com peixe fresco podem ser congeladas por até 30 dias; receitas com lata ficam melhores frescas.,"Transforme a sobra em recheio de sanduíche, cuscuz ou salada.","Reúne filé de peixe, abóbora e couve em uma refeição prática para almoço ou jantar, pensada para caber na rotina e também servir à família.",As áreas de interesse são filtros editoriais de navegação e não indicam tratamento de sintomas ou doenças. Conteúdo alimentar e educacional; não substitui orientação individual de profissional de saúde.
R083,83,peixe-ensopado-com-batata-e-tomate,Peixe ensopado com batata e tomate,Almoços e jantares,Dores e incômodos físicos | Circulação | Memória e concentração,até 20 min | família | marmita | uma panela só | iniciante,20,Fácil,Médio,2,300 g filé de peixe | 2 unidades pequenas batata | 1 unidade média tomate | 1 colher (sopa) azeite | 1 dente alho | a gosto sal e ervas,Separe e tempere os ingredientes. | Cozinhe ou aqueça a proteína com o azeite e os temperos. | Acrescente os legumes ou a base indicada e cozinhe até o ponto desejado. | Sirva imediatamente.,"Troque o legume pelo da estação que estiver mais acessível. | Quando fizer sentido, alterne entre frango, ovos, sardinha ou leguminosas já cozidas.","A receita pode ser multiplicada para a casa toda. Sirva a mesma base e deixe acompanhamentos ou temperos extras à mesa, sem cozinhar uma refeição separada.",Preparações com peixe fresco podem ser congeladas por até 30 dias; receitas com lata ficam melhores frescas.,"Transforme a sobra em recheio de sanduíche, cuscuz ou salada.","Reúne filé de peixe, batata e tomate em uma refeição prática para almoço ou jantar, pensada para caber na rotina e também servir à família.",As áreas de interesse são filtros editoriais de navegação e não indicam tratamento de sintomas ou doenças. Conteúdo alimentar e educacional; não substitui orientação individual de profissional de saúde.
R084,84,peixe-com-arroz-de-cenoura,Peixe com arroz de cenoura,Almoços e jantares,Dores e incômodos físicos | Circulação | Memória e concentração,até 20 min | família | marmita | iniciante,20,Fácil,Médio,2,300 g filé de peixe | 1 xícara cozido arroz | 1 unidade pequena cenoura | 1 colher (sopa) azeite | 1 dente alho | a gosto sal e ervas,Separe e tempere os ingredientes. | Cozinhe ou aqueça a proteína com o azeite e os temperos. | Acrescente os legumes ou a base indicada e cozinhe até o ponto desejado. | Sirva imediatamente.,"Troque o legume pelo da estação que estiver mais acessível. | Quando fizer sentido, alterne entre frango, ovos, sardinha ou leguminosas já cozidas.","A receita pode ser multiplicada para a casa toda. Sirva a mesma base e deixe acompanhamentos ou temperos extras à mesa, sem cozinhar uma refeição separada.",Preparações com peixe fresco podem ser congeladas por até 30 dias; receitas com lata ficam melhores frescas.,"Transforme a sobra em recheio de sanduíche, cuscuz ou salada.","Reúne filé de peixe, arroz e cenoura em uma refeição prática para almoço ou jantar, pensada para caber na rotina e também servir à família.",As áreas de interesse são filtros editoriais de navegação e não indicam tratamento de sintomas ou doenças. Conteúdo alimentar e educacional; não substitui orientação individual de profissional de saúde.
R085,85,peixe-ao-limao-com-legumes-de-frigideira,Peixe ao limão com legumes de frigideira,Almoços e jantares,Dores e incômodos físicos | Circulação | Memória e concentração,até 20 min | família | marmita | uma panela só | iniciante,20,Fácil,Médio,2,300 g filé de peixe | 1 unidade limão | 1 unidade pequena abobrinha | 1 colher (sopa) azeite | 1 dente alho | a gosto sal e ervas,Separe e tempere os ingredientes. | Cozinhe ou aqueça a proteína com o azeite e os temperos. | Acrescente os legumes ou a base indicada e cozinhe até o ponto desejado. | Sirva imediatamente.,"Troque o legume pelo da estação que estiver mais acessível. | Quando fizer sentido, alterne entre frango, ovos, sardinha ou leguminosas já cozidas.","A receita pode ser multiplicada para a casa toda. Sirva a mesma base e deixe acompanhamentos ou temperos extras à mesa, sem cozinhar uma refeição separada.",Preparações com peixe fresco podem ser congeladas por até 30 dias; receitas com lata ficam melhores frescas.,"Transforme a sobra em recheio de sanduíche, cuscuz ou salada.","Reúne filé de peixe, limão e abobrinha em uma refeição prática para almoço ou jantar, pensada para caber na rotina e também servir à família.",As áreas de interesse são filtros editoriais de navegação e não indicam tratamento de sintomas ou doenças. Conteúdo alimentar e educacional; não substitui orientação individual de profissional de saúde.
R086,86,carne-moida-com-abobora-e-tomate,Carne moída com abóbora e tomate,Almoços e jantares,Peso e saciedade | Energia e disposição,até 35 min | família | marmita | freezer | iniciante,25,Fácil,Médio,2,300 g carne bovina magra | 2 xícaras em cubos abóbora | 1 unidade média tomate | 1/2 unidade cebola | 1 dente alho | 1 colher (chá) azeite | a gosto sal e ervas | 300 g carne moída magra,Refogue cebola e alho no azeite. | Acrescente a carne e cozinhe até dourar. | Junte os demais ingredientes e cozinhe até ficarem macios. | Ajuste os temperos e sirva.,"Troque o legume pelo da estação que estiver mais acessível. | Quando fizer sentido, alterne entre frango, ovos, sardinha ou leguminosas já cozidas.","A receita pode ser multiplicada para a casa toda. Sirva a mesma base e deixe acompanhamentos ou temperos extras à mesa, sem cozinhar uma refeição separada.",Pode congelar em porções por até 30 dias.,"Use a sobra como recheio de omelete, sanduíche ou escondidinho.","Reúne carne bovina magra, abóbora e tomate em uma refeição prática para almoço ou jantar, pensada para caber na rotina e também servir à família.",As áreas de interesse são filtros editoriais de navegação e não indicam tratamento de sintomas ou doenças. Conteúdo alimentar e educacional; não substitui orientação individual de profissional de saúde.
R087,87,carne-moida-com-cenoura-e-ervilha,Carne moída com cenoura e ervilha,Almoços e jantares,Peso e saciedade | Energia e disposição,até 35 min | família | marmita | freezer | iniciante,25,Fácil,Médio,2,300 g carne bovina magra | 1 unidade pequena cenoura | 1/2 xícara ervilha | 1/2 unidade cebola | 1 dente alho | 1 colher (chá) azeite | a gosto sal e ervas | 300 g carne moída magra,Refogue cebola e alho no azeite. | Acrescente a carne e cozinhe até dourar. | Junte os demais ingredientes e cozinhe até ficarem macios. | Ajuste os temperos e sirva.,"Troque o legume pelo da estação que estiver mais acessível. | Quando fizer sentido, alterne entre frango, ovos, sardinha ou leguminosas já cozidas.","A receita pode ser multiplicada para a casa toda. Sirva a mesma base e deixe acompanhamentos ou temperos extras à mesa, sem cozinhar uma refeição separada.",Pode congelar em porções por até 30 dias.,"Use a sobra como recheio de omelete, sanduíche ou escondidinho.","Reúne carne bovina magra, cenoura e ervilha em uma refeição prática para almoço ou jantar, pensada para caber na rotina e também servir à família.",As áreas de interesse são filtros editoriais de navegação e não indicam tratamento de sintomas ou doenças. Conteúdo alimentar e educacional; não substitui orientação individual de profissional de saúde.
R088,88,carne-moida-com-repolho-e-tomate,Carne moída com repolho e tomate,Almoços e jantares,Peso e saciedade | Energia e disposição,até 35 min | família | marmita | freezer | iniciante,25,Fácil,Médio,2,300 g carne bovina magra | 1 xícara fatiado repolho | 1 unidade média tomate | 1/2 unidade cebola | 1 dente alho | 1 colher (chá) azeite | a gosto sal e ervas | 300 g carne moída magra,Refogue cebola e alho no azeite. | Acrescente a carne e cozinhe até dourar. | Junte os demais ingredientes e cozinhe até ficarem macios. | Ajuste os temperos e sirva.,"Troque o legume pelo da estação que estiver mais acessível. | Quando fizer sentido, alterne entre frango, ovos, sardinha ou leguminosas já cozidas.","A receita pode ser multiplicada para a casa toda. Sirva a mesma base e deixe acompanhamentos ou temperos extras à mesa, sem cozinhar uma refeição separada.",Pode congelar em porções por até 30 dias.,"Use a sobra como recheio de omelete, sanduíche ou escondidinho.","Reúne carne bovina magra, repolho e tomate em uma refeição prática para almoço ou jantar, pensada para caber na rotina e também servir à família.",As áreas de interesse são filtros editoriais de navegação e não indicam tratamento de sintomas ou doenças. Conteúdo alimentar e educacional; não substitui orientação individual de profissional de saúde.
R089,89,carne-moida-com-feijao-e-couve,Carne moída com feijão e couve,Almoços e jantares,Peso e saciedade | Circulação | Intestino e digestão,até 35 min | família | marmita | freezer | iniciante,25,Fácil,Médio,2,300 g carne bovina magra | 1 xícara cozido feijão | 1 xícara fatiada couve | 1/2 unidade cebola | 1 dente alho | 1 colher (chá) azeite | a gosto sal e ervas | 300 g carne moída magra,Refogue cebola e alho no azeite. | Acrescente a carne e cozinhe até dourar. | Junte os demais ingredientes e cozinhe até ficarem macios. | Ajuste os temperos e sirva.,"Troque o legume pelo da estação que estiver mais acessível. | Quando fizer sentido, alterne entre frango, ovos, sardinha ou leguminosas já cozidas.","A receita pode ser multiplicada para a casa toda. Sirva a mesma base e deixe acompanhamentos ou temperos extras à mesa, sem cozinhar uma refeição separada.",Pode congelar em porções por até 30 dias.,"Use a sobra como recheio de omelete, sanduíche ou escondidinho.","Reúne carne bovina magra, feijão e couve em uma refeição prática para almoço ou jantar, pensada para caber na rotina e também servir à família.",As áreas de interesse são filtros editoriais de navegação e não indicam tratamento de sintomas ou doenças. Conteúdo alimentar e educacional; não substitui orientação individual de profissional de saúde.
R090,90,carne-moida-com-batata-e-cenoura,Carne moída com batata e cenoura,Almoços e jantares,Energia e disposição | Peso e saciedade,até 35 min | família | marmita | freezer | iniciante,25,Fácil,Médio,2,300 g carne bovina magra | 2 unidades pequenas batata | 1 unidade pequena cenoura | 1/2 unidade cebola | 1 dente alho | 1 colher (chá) azeite | a gosto sal e ervas | 300 g carne moída magra,Refogue cebola e alho no azeite. | Acrescente a carne e cozinhe até dourar. | Junte os demais ingredientes e cozinhe até ficarem macios. | Ajuste os temperos e sirva.,"Troque o legume pelo da estação que estiver mais acessível. | Quando fizer sentido, alterne entre frango, ovos, sardinha ou leguminosas já cozidas.","A receita pode ser multiplicada para a casa toda. Sirva a mesma base e deixe acompanhamentos ou temperos extras à mesa, sem cozinhar uma refeição separada.",Pode congelar em porções por até 30 dias.,"Use a sobra como recheio de omelete, sanduíche ou escondidinho.","Reúne carne bovina magra, batata e cenoura em uma refeição prática para almoço ou jantar, pensada para caber na rotina e também servir à família.",As áreas de interesse são filtros editoriais de navegação e não indicam tratamento de sintomas ou doenças. Conteúdo alimentar e educacional; não substitui orientação individual de profissional de saúde.
R091,91,carne-moida-com-lentilha-e-tomate,Carne moída com lentilha e tomate,Almoços e jantares,Circulação | Intestino e digestão | Peso e saciedade,até 35 min | família | marmita | freezer | iniciante,25,Fácil,Médio,2,300 g carne bovina magra | 1 xícara cozida lentilha | 1 unidade média tomate | 1/2 unidade cebola | 1 dente alho | 1 colher (chá) azeite | a gosto sal e ervas | 300 g carne moída magra,Refogue cebola e alho no azeite. | Acrescente a carne e cozinhe até dourar. | Junte os demais ingredientes e cozinhe até ficarem macios. | Ajuste os temperos e sirva.,"Troque o legume pelo da estação que estiver mais acessível. | Quando fizer sentido, alterne entre frango, ovos, sardinha ou leguminosas já cozidas.","A receita pode ser multiplicada para a casa toda. Sirva a mesma base e deixe acompanhamentos ou temperos extras à mesa, sem cozinhar uma refeição separada.",Pode congelar em porções por até 30 dias.,"Use a sobra como recheio de omelete, sanduíche ou escondidinho.","Reúne carne bovina magra, lentilha e tomate em uma refeição prática para almoço ou jantar, pensada para caber na rotina e também servir à família.",As áreas de interesse são filtros editoriais de navegação e não indicam tratamento de sintomas ou doenças. Conteúdo alimentar e educacional; não substitui orientação individual de profissional de saúde.
R092,92,carne-moida-com-arroz-e-legumes,Carne moída com arroz e legumes,Almoços e jantares,Energia e disposição | Peso e saciedade,até 35 min | família | marmita | freezer | iniciante,25,Fácil,Médio,2,300 g carne bovina magra | 1 xícara cozido arroz | 1 unidade pequena cenoura | 1/2 unidade cebola | 1 dente alho | 1 colher (chá) azeite | a gosto sal e ervas | 300 g carne moída magra,Refogue cebola e alho no azeite. | Acrescente a carne e cozinhe até dourar. | Junte os demais ingredientes e cozinhe até ficarem macios. | Ajuste os temperos e sirva.,"Troque o legume pelo da estação que estiver mais acessível. | Quando fizer sentido, alterne entre frango, ovos, sardinha ou leguminosas já cozidas.","A receita pode ser multiplicada para a casa toda. Sirva a mesma base e deixe acompanhamentos ou temperos extras à mesa, sem cozinhar uma refeição separada.",Pode congelar em porções por até 30 dias.,"Use a sobra como recheio de omelete, sanduíche ou escondidinho.","Reúne carne bovina magra, arroz e cenoura em uma refeição prática para almoço ou jantar, pensada para caber na rotina e também servir à família.",As áreas de interesse são filtros editoriais de navegação e não indicam tratamento de sintomas ou doenças. Conteúdo alimentar e educacional; não substitui orientação individual de profissional de saúde.
R093,93,carne-moida-com-abobrinha-e-cebola,Carne moída com abobrinha e cebola,Almoços e jantares,Peso e saciedade | Energia e disposição,até 35 min | família | marmita | freezer | iniciante,25,Fácil,Médio,2,300 g carne bovina magra | 1 unidade pequena abobrinha | 1/2 unidade cebola | 1 dente alho | 1 colher (chá) azeite | a gosto sal e ervas | 300 g carne moída magra,Refogue cebola e alho no azeite. | Acrescente a carne e cozinhe até dourar. | Junte os demais ingredientes e cozinhe até ficarem macios. | Ajuste os temperos e sirva.,"Troque o legume pelo da estação que estiver mais acessível. | Quando fizer sentido, alterne entre frango, ovos, sardinha ou leguminosas já cozidas.","A receita pode ser multiplicada para a casa toda. Sirva a mesma base e deixe acompanhamentos ou temperos extras à mesa, sem cozinhar uma refeição separada.",Pode congelar em porções por até 30 dias.,"Use a sobra como recheio de omelete, sanduíche ou escondidinho.","Reúne carne bovina magra, abobrinha e cebola em uma refeição prática para almoço ou jantar, pensada para caber na rotina e também servir à família.",As áreas de interesse são filtros editoriais de navegação e não indicam tratamento de sintomas ou doenças. Conteúdo alimentar e educacional; não substitui orientação individual de profissional de saúde.
R094,94,carne-em-tiras-com-cebola-e-tomate,Carne em tiras com cebola e tomate,Almoços e jantares,Peso e saciedade | Energia e disposição,até 35 min | família | marmita | freezer | iniciante,25,Fácil,Médio,2,300 g carne bovina magra | 1/2 unidade cebola | 1 unidade média tomate | 1 dente alho | 1 colher (chá) azeite | a gosto sal e ervas,Refogue cebola e alho no azeite. | Acrescente a carne e cozinhe até dourar. | Junte os demais ingredientes e cozinhe até ficarem macios. | Ajuste os temperos e sirva.,"Troque o legume pelo da estação que estiver mais acessível. | Quando fizer sentido, alterne entre frango, ovos, sardinha ou leguminosas já cozidas.","A receita pode ser multiplicada para a casa toda. Sirva a mesma base e deixe acompanhamentos ou temperos extras à mesa, sem cozinhar uma refeição separada.",Pode congelar em porções por até 30 dias.,"Use a sobra como recheio de omelete, sanduíche ou escondidinho.","Reúne carne bovina magra, cebola e tomate em uma refeição prática para almoço ou jantar, pensada para caber na rotina e também servir à família.",As áreas de interesse são filtros editoriais de navegação e não indicam tratamento de sintomas ou doenças. Conteúdo alimentar e educacional; não substitui orientação individual de profissional de saúde.
R095,95,carne-em-tiras-com-brocolis-e-cenoura,Carne em tiras com brócolis e cenoura,Almoços e jantares,Peso e saciedade | Circulação | Energia e disposição,até 35 min | família | marmita | freezer | iniciante,25,Fácil,Médio,2,300 g carne bovina magra | 1 xícara em floretes brócolis | 1 unidade pequena cenoura | 1/2 unidade cebola | 1 dente alho | 1 colher (chá) azeite | a gosto sal e ervas,Refogue cebola e alho no azeite. | Acrescente a carne e cozinhe até dourar. | Junte os demais ingredientes e cozinhe até ficarem macios. | Ajuste os temperos e sirva.,"Troque o legume pelo da estação que estiver mais acessível. | Quando fizer sentido, alterne entre frango, ovos, sardinha ou leguminosas já cozidas.","A receita pode ser multiplicada para a casa toda. Sirva a mesma base e deixe acompanhamentos ou temperos extras à mesa, sem cozinhar uma refeição separada.",Pode congelar em porções por até 30 dias.,"Use a sobra como recheio de omelete, sanduíche ou escondidinho.","Reúne carne bovina magra, brócolis e cenoura em uma refeição prática para almoço ou jantar, pensada para caber na rotina e também servir à família.",As áreas de interesse são filtros editoriais de navegação e não indicam tratamento de sintomas ou doenças. Conteúdo alimentar e educacional; não substitui orientação individual de profissional de saúde.
R096,96,carne-de-panela-com-abobora,Carne de panela com abóbora,Almoços e jantares,Peso e saciedade | Energia e disposição,até 35 min | família | marmita | freezer | iniciante,25,Fácil,Médio,2,300 g carne bovina magra | 2 xícaras em cubos abóbora | 1/2 unidade cebola | 1 dente alho | 1 colher (chá) azeite | a gosto sal e ervas,Refogue cebola e alho no azeite. | Acrescente a carne e cozinhe até dourar. | Junte os demais ingredientes e cozinhe até ficarem macios. | Ajuste os temperos e sirva.,"Troque o legume pelo da estação que estiver mais acessível. | Quando fizer sentido, alterne entre frango, ovos, sardinha ou leguminosas já cozidas.","A receita pode ser multiplicada para a casa toda. Sirva a mesma base e deixe acompanhamentos ou temperos extras à mesa, sem cozinhar uma refeição separada.",Pode congelar em porções por até 30 dias.,"Use a sobra como recheio de omelete, sanduíche ou escondidinho.","Reúne carne bovina magra, abóbora e cebola em uma refeição prática para almoço ou jantar, pensada para caber na rotina e também servir à família.",As áreas de interesse são filtros editoriais de navegação e não indicam tratamento de sintomas ou doenças. Conteúdo alimentar e educacional; não substitui orientação individual de profissional de saúde.
R097,97,carne-de-panela-com-mandioca-e-tomate,Carne de panela com mandioca e tomate,Almoços e jantares,Energia e disposição | Peso e saciedade,até 35 min | família | marmita | freezer | iniciante,25,Fácil,Médio,2,300 g carne bovina magra | 250 g mandioca | 1 unidade média tomate | 1/2 unidade cebola | 1 dente alho | 1 colher (chá) azeite | a gosto sal e ervas,Refogue cebola e alho no azeite. | Acrescente a carne e cozinhe até dourar. | Junte os demais ingredientes e cozinhe até ficarem macios. | Ajuste os temperos e sirva.,"Troque o legume pelo da estação que estiver mais acessível. | Quando fizer sentido, alterne entre frango, ovos, sardinha ou leguminosas já cozidas.","A receita pode ser multiplicada para a casa toda. Sirva a mesma base e deixe acompanhamentos ou temperos extras à mesa, sem cozinhar uma refeição separada.",Pode congelar em porções por até 30 dias.,"Use a sobra como recheio de omelete, sanduíche ou escondidinho.","Reúne carne bovina magra, mandioca e tomate em uma refeição prática para almoço ou jantar, pensada para caber na rotina e também servir à família.",As áreas de interesse são filtros editoriais de navegação e não indicam tratamento de sintomas ou doenças. Conteúdo alimentar e educacional; não substitui orientação individual de profissional de saúde.
R098,98,carne-de-panela-com-chuchu-e-cenoura,Carne de panela com chuchu e cenoura,Almoços e jantares,Peso e saciedade | Energia e disposição,até 35 min | família | marmita | freezer | iniciante,25,Fácil,Médio,2,300 g carne bovina magra | 1 unidade pequena chuchu | 1 unidade pequena cenoura | 1/2 unidade cebola | 1 dente alho | 1 colher (chá) azeite | a gosto sal e ervas,Refogue cebola e alho no azeite. | Acrescente a carne e cozinhe até dourar. | Junte os demais ingredientes e cozinhe até ficarem macios. | Ajuste os temperos e sirva.,"Troque o legume pelo da estação que estiver mais acessível. | Quando fizer sentido, alterne entre frango, ovos, sardinha ou leguminosas já cozidas.","A receita pode ser multiplicada para a casa toda. Sirva a mesma base e deixe acompanhamentos ou temperos extras à mesa, sem cozinhar uma refeição separada.",Pode congelar em porções por até 30 dias.,"Use a sobra como recheio de omelete, sanduíche ou escondidinho.","Reúne carne bovina magra, chuchu e cenoura em uma refeição prática para almoço ou jantar, pensada para caber na rotina e também servir à família.",As áreas de interesse são filtros editoriais de navegação e não indicam tratamento de sintomas ou doenças. Conteúdo alimentar e educacional; não substitui orientação individual de profissional de saúde.
R099,99,picadinho-de-carne-com-feijao-e-couve,Picadinho de carne com feijão e couve,Almoços e jantares,Peso e saciedade | Circulação | Intestino e digestão,até 35 min | família | marmita | freezer | iniciante,25,Fácil,Médio,2,300 g carne bovina magra | 1 xícara cozido feijão | 1 xícara fatiada couve | 1/2 unidade cebola | 1 dente alho | 1 colher (chá) azeite | a gosto sal e ervas,Refogue cebola e alho no azeite. | Acrescente a carne e cozinhe até dourar. | Junte os demais ingredientes e cozinhe até ficarem macios. | Ajuste os temperos e sirva.,"Troque o legume pelo da estação que estiver mais acessível. | Quando fizer sentido, alterne entre frango, ovos, sardinha ou leguminosas já cozidas.","A receita pode ser multiplicada para a casa toda. Sirva a mesma base e deixe acompanhamentos ou temperos extras à mesa, sem cozinhar uma refeição separada.",Pode congelar em porções por até 30 dias.,"Use a sobra como recheio de omelete, sanduíche ou escondidinho.","Reúne carne bovina magra, feijão e couve em uma refeição prática para almoço ou jantar, pensada para caber na rotina e também servir à família.",As áreas de interesse são filtros editoriais de navegação e não indicam tratamento de sintomas ou doenças. Conteúdo alimentar e educacional; não substitui orientação individual de profissional de saúde.
R100,100,carne-moida-com-pure-de-batata-doce,Carne moída com purê de batata-doce,Almoços e jantares,Energia e disposição | Peso e saciedade,até 35 min | família | marmita | freezer | iniciante,25,Fácil,Médio,2,300 g carne bovina magra | 1 unidade média batata-doce | 1/2 unidade cebola | 1 dente alho | 1 colher (chá) azeite | a gosto sal e ervas | 300 g carne moída magra,Refogue cebola e alho no azeite. | Acrescente a carne e cozinhe até dourar. | Junte os demais ingredientes e cozinhe até ficarem macios. | Ajuste os temperos e sirva.,"Troque o legume pelo da estação que estiver mais acessível. | Quando fizer sentido, alterne entre frango, ovos, sardinha ou leguminosas já cozidas.","A receita pode ser multiplicada para a casa toda. Sirva a mesma base e deixe acompanhamentos ou temperos extras à mesa, sem cozinhar uma refeição separada.",Pode congelar em porções por até 30 dias.,"Use a sobra como recheio de omelete, sanduíche ou escondidinho.","Reúne carne bovina magra, batata-doce e cebola em uma refeição prática para almoço ou jantar, pensada para caber na rotina e também servir à família.",As áreas de interesse são filtros editoriais de navegação e não indicam tratamento de sintomas ou doenças. Conteúdo alimentar e educacional; não substitui orientação individual de profissional de saúde.
R101,101,lentilha-com-arroz-cenoura-e-couve,"Lentilha com arroz, cenoura e couve",Almoços e jantares,Energia e disposição | Peso e saciedade | Circulação,até 35 min | econômica | família | marmita | freezer | iniciante,25,Fácil,Baixo,2,1 xícara cozida lentilha | 1 xícara cozido arroz | 1 unidade pequena cenoura | 1/2 unidade cebola | 1 dente alho | 1 colher (sopa) azeite | 1 xícara couve fatiada,Refogue cebola e alho no azeite. | Acrescente a base e os legumes. | Cozinhe até os sabores se integrarem e os legumes ficarem macios. | Sirva quente.,"Troque o legume pelo da estação que estiver mais acessível. | Quando fizer sentido, alterne entre frango, ovos, sardinha ou leguminosas já cozidas.","A receita pode ser multiplicada para a casa toda. Sirva a mesma base e deixe acompanhamentos ou temperos extras à mesa, sem cozinhar uma refeição separada.",Pode congelar por até 30 dias em porções.,"Use a sobra em saladas, omeletes, cuscuz ou recheios.","Reúne lentilha, arroz e cenoura em uma refeição prática para almoço ou jantar, pensada para caber na rotina e também servir à família.",As áreas de interesse são filtros editoriais de navegação e não indicam tratamento de sintomas ou doenças. Conteúdo alimentar e educacional; não substitui orientação individual de profissional de saúde.
R102,102,lentilha-com-abobora-e-tomate,Lentilha com abóbora e tomate,Almoços e jantares,Peso e saciedade | Circulação | Intestino e digestão,até 35 min | econômica | família | marmita | freezer | iniciante,25,Fácil,Baixo,2,1 xícara cozida lentilha | 2 xícaras em cubos abóbora | 1 unidade média tomate | 1/2 unidade cebola | 1 dente alho | 1 colher (sopa) azeite,Refogue cebola e alho no azeite. | Acrescente a base e os legumes. | Cozinhe até os sabores se integrarem e os legumes ficarem macios. | Sirva quente.,"Troque o legume pelo da estação que estiver mais acessível. | Quando fizer sentido, alterne entre frango, ovos, sardinha ou leguminosas já cozidas.","A receita pode ser multiplicada para a casa toda. Sirva a mesma base e deixe acompanhamentos ou temperos extras à mesa, sem cozinhar uma refeição separada.",Pode congelar por até 30 dias em porções.,"Use a sobra em saladas, omeletes, cuscuz ou recheios.","Reúne lentilha, abóbora e tomate em uma refeição prática para almoço ou jantar, pensada para caber na rotina e também servir à família.",As áreas de interesse são filtros editoriais de navegação e não indicam tratamento de sintomas ou doenças. Conteúdo alimentar e educacional; não substitui orientação individual de profissional de saúde.
R103,103,lentilha-com-batata-e-couve,Lentilha com batata e couve,Almoços e jantares,Energia e disposição | Peso e saciedade | Circulação,até 35 min | econômica | família | marmita | freezer | iniciante,25,Fácil,Baixo,2,1 xícara cozida lentilha | 2 unidades pequenas batata | 1 xícara fatiada couve | 1/2 unidade cebola | 1 dente alho | 1 colher (sopa) azeite,Refogue cebola e alho no azeite. | Acrescente a base e os legumes. | Cozinhe até os sabores se integrarem e os legumes ficarem macios. | Sirva quente.,"Troque o legume pelo da estação que estiver mais acessível. | Quando fizer sentido, alterne entre frango, ovos, sardinha ou leguminosas já cozidas.","A receita pode ser multiplicada para a casa toda. Sirva a mesma base e deixe acompanhamentos ou temperos extras à mesa, sem cozinhar uma refeição separada.",Pode congelar por até 30 dias em porções.,"Use a sobra em saladas, omeletes, cuscuz ou recheios.","Reúne lentilha, batata e couve em uma refeição prática para almoço ou jantar, pensada para caber na rotina e também servir à família.",As áreas de interesse são filtros editoriais de navegação e não indicam tratamento de sintomas ou doenças. Conteúdo alimentar e educacional; não substitui orientação individual de profissional de saúde.
R104,104,grao-de-bico-com-tomate-cenoura-e-cheiro-verde,"Grão-de-bico com tomate, cenoura e cheiro-verde",Almoços e jantares,Peso e saciedade | Circulação | Intestino e digestão,até 35 min | econômica | família | marmita | freezer | iniciante,25,Fácil,Baixo,2,1 xícara cozido grão-de-bico | 1 unidade média tomate | 1 unidade pequena cenoura | 1/2 unidade cebola | 1 dente alho | 1 colher (sopa) azeite | 2 colheres (sopa) cheiro-verde,Refogue cebola e alho no azeite. | Acrescente a base e os legumes. | Cozinhe até os sabores se integrarem e os legumes ficarem macios. | Sirva quente.,"Troque o legume pelo da estação que estiver mais acessível. | Quando fizer sentido, alterne entre frango, ovos, sardinha ou leguminosas já cozidas.","A receita pode ser multiplicada para a casa toda. Sirva a mesma base e deixe acompanhamentos ou temperos extras à mesa, sem cozinhar uma refeição separada.",Pode congelar por até 30 dias em porções.,"Use a sobra em saladas, omeletes, cuscuz ou recheios.","Reúne grão-de-bico, tomate e cenoura em uma refeição prática para almoço ou jantar, pensada para caber na rotina e também servir à família.",As áreas de interesse são filtros editoriais de navegação e não indicam tratamento de sintomas ou doenças. Conteúdo alimentar e educacional; não substitui orientação individual de profissional de saúde.
R105,105,grao-de-bico-com-abobora-e-couve,Grão-de-bico com abóbora e couve,Almoços e jantares,Peso e saciedade | Circulação | Intestino e digestão,até 35 min | econômica | família | marmita | freezer | iniciante,25,Fácil,Baixo,2,1 xícara cozido grão-de-bico | 2 xícaras em cubos abóbora | 1 xícara fatiada couve | 1/2 unidade cebola | 1 dente alho | 1 colher (sopa) azeite,Refogue cebola e alho no azeite. | Acrescente a base e os legumes. | Cozinhe até os sabores se integrarem e os legumes ficarem macios. | Sirva quente.,"Troque o legume pelo da estação que estiver mais acessível. | Quando fizer sentido, alterne entre frango, ovos, sardinha ou leguminosas já cozidas.","A receita pode ser multiplicada para a casa toda. Sirva a mesma base e deixe acompanhamentos ou temperos extras à mesa, sem cozinhar uma refeição separada.",Pode congelar por até 30 dias em porções.,"Use a sobra em saladas, omeletes, cuscuz ou recheios.","Reúne grão-de-bico, abóbora e couve em uma refeição prática para almoço ou jantar, pensada para caber na rotina e também servir à família.",As áreas de interesse são filtros editoriais de navegação e não indicam tratamento de sintomas ou doenças. Conteúdo alimentar e educacional; não substitui orientação individual de profissional de saúde.
R106,106,feijao-fradinho-com-tomate-cebola-e-couve,"Feijão-fradinho com tomate, cebola e couve",Almoços e jantares,Peso e saciedade | Circulação | Intestino e digestão,até 35 min | econômica | família | marmita | freezer | iniciante,25,Fácil,Baixo,2,1 xícara cozido feijão-fradinho | 1 unidade média tomate | 1 xícara fatiada couve | 1/2 unidade cebola | 1 dente alho | 1 colher (sopa) azeite,Refogue cebola e alho no azeite. | Acrescente a base e os legumes. | Cozinhe até os sabores se integrarem e os legumes ficarem macios. | Sirva quente.,"Troque o legume pelo da estação que estiver mais acessível. | Quando fizer sentido, alterne entre frango, ovos, sardinha ou leguminosas já cozidas.","A receita pode ser multiplicada para a casa toda. Sirva a mesma base e deixe acompanhamentos ou temperos extras à mesa, sem cozinhar uma refeição separada.",Pode congelar por até 30 dias em porções.,"Use a sobra em saladas, omeletes, cuscuz ou recheios.","Reúne feijão-fradinho, tomate e couve em uma refeição prática para almoço ou jantar, pensada para caber na rotina e também servir à família.",As áreas de interesse são filtros editoriais de navegação e não indicam tratamento de sintomas ou doenças. Conteúdo alimentar e educacional; não substitui orientação individual de profissional de saúde.
R107,107,feijao-branco-com-cenoura-e-tomate,Feijão-branco com cenoura e tomate,Almoços e jantares,Peso e saciedade | Circulação | Intestino e digestão,até 35 min | econômica | família | marmita | freezer | iniciante,25,Fácil,Baixo,2,1 xícara cozido feijão-branco | 1 unidade pequena cenoura | 1 unidade média tomate | 1/2 unidade cebola | 1 dente alho | 1 colher (sopa) azeite,Refogue cebola e alho no azeite. | Acrescente a base e os legumes. | Cozinhe até os sabores se integrarem e os legumes ficarem macios. | Sirva quente.,"Troque o legume pelo da estação que estiver mais acessível. | Quando fizer sentido, alterne entre frango, ovos, sardinha ou leguminosas já cozidas.","A receita pode ser multiplicada para a casa toda. Sirva a mesma base e deixe acompanhamentos ou temperos extras à mesa, sem cozinhar uma refeição separada.",Pode congelar por até 30 dias em porções.,"Use a sobra em saladas, omeletes, cuscuz ou recheios.","Reúne feijão-branco, cenoura e tomate em uma refeição prática para almoço ou jantar, pensada para caber na rotina e também servir à família.",As áreas de interesse são filtros editoriais de navegação e não indicam tratamento de sintomas ou doenças. Conteúdo alimentar e educacional; não substitui orientação individual de profissional de saúde.
R108,108,arroz-com-feijao-abobora-e-couve,"Arroz com feijão, abóbora e couve",Almoços e jantares,Energia e disposição | Peso e saciedade | Circulação,até 35 min | econômica | família | marmita | freezer | iniciante,25,Fácil,Baixo,2,1 xícara cozido feijão | 1 xícara cozido arroz | 2 xícaras em cubos abóbora | 1/2 unidade cebola | 1 dente alho | 1 colher (sopa) azeite | 1 xícara couve fatiada,Refogue cebola e alho no azeite. | Acrescente a base e os legumes. | Cozinhe até os sabores se integrarem e os legumes ficarem macios. | Sirva quente.,"Troque o legume pelo da estação que estiver mais acessível. | Quando fizer sentido, alterne entre frango, ovos, sardinha ou leguminosas já cozidas.","A receita pode ser multiplicada para a casa toda. Sirva a mesma base e deixe acompanhamentos ou temperos extras à mesa, sem cozinhar uma refeição separada.",Pode congelar por até 30 dias em porções.,"Use a sobra em saladas, omeletes, cuscuz ou recheios.","Reúne feijão, arroz e abóbora em uma refeição prática para almoço ou jantar, pensada para caber na rotina e também servir à família.",As áreas de interesse são filtros editoriais de navegação e não indicam tratamento de sintomas ou doenças. Conteúdo alimentar e educacional; não substitui orientação individual de profissional de saúde.
R109,109,arroz-com-lentilha-e-cebola-dourada,Arroz com lentilha e cebola dourada,Almoços e jantares,Energia e disposição | Circulação | Intestino e digestão,até 35 min | econômica | família | marmita | freezer | iniciante,25,Fácil,Baixo,2,1 xícara cozida lentilha | 1 xícara cozido arroz | 1/2 unidade cebola | 1 dente alho | 1 colher (sopa) azeite,Refogue cebola e alho no azeite. | Acrescente a base e os legumes. | Cozinhe até os sabores se integrarem e os legumes ficarem macios. | Sirva quente.,"Troque o legume pelo da estação que estiver mais acessível. | Quando fizer sentido, alterne entre frango, ovos, sardinha ou leguminosas já cozidas.","A receita pode ser multiplicada para a casa toda. Sirva a mesma base e deixe acompanhamentos ou temperos extras à mesa, sem cozinhar uma refeição separada.",Pode congelar por até 30 dias em porções.,"Use a sobra em saladas, omeletes, cuscuz ou recheios.","Reúne lentilha, arroz e cebola em uma refeição prática para almoço ou jantar, pensada para caber na rotina e também servir à família.",As áreas de interesse são filtros editoriais de navegação e não indicam tratamento de sintomas ou doenças. Conteúdo alimentar e educacional; não substitui orientação individual de profissional de saúde.
R110,110,arroz-com-grao-de-bico-e-cenoura,Arroz com grão-de-bico e cenoura,Almoços e jantares,Energia e disposição | Peso e saciedade | Circulação,até 35 min | econômica | família | marmita | freezer | iniciante,25,Fácil,Baixo,2,1 xícara cozido grão-de-bico | 1 xícara cozido arroz | 1 unidade pequena cenoura | 1/2 unidade cebola | 1 dente alho | 1 colher (sopa) azeite,Refogue cebola e alho no azeite. | Acrescente a base e os legumes. | Cozinhe até os sabores se integrarem e os legumes ficarem macios. | Sirva quente.,"Troque o legume pelo da estação que estiver mais acessível. | Quando fizer sentido, alterne entre frango, ovos, sardinha ou leguminosas já cozidas.","A receita pode ser multiplicada para a casa toda. Sirva a mesma base e deixe acompanhamentos ou temperos extras à mesa, sem cozinhar uma refeição separada.",Pode congelar por até 30 dias em porções.,"Use a sobra em saladas, omeletes, cuscuz ou recheios.","Reúne grão-de-bico, arroz e cenoura em uma refeição prática para almoço ou jantar, pensada para caber na rotina e também servir à família.",As áreas de interesse são filtros editoriais de navegação e não indicam tratamento de sintomas ou doenças. Conteúdo alimentar e educacional; não substitui orientação individual de profissional de saúde.
R111,111,abobora-recheada-com-lentilha,Abóbora recheada com lentilha,Almoços e jantares,Peso e saciedade | Circulação | Intestino e digestão,até 35 min | econômica | família | marmita | freezer | iniciante,25,Fácil,Baixo,2,1/2 unidade pequena abóbora cabotiá | 1 xícara lentilha cozida | 1 unidade média tomate picado | 1/2 unidade cebola picada | 1 dente alho | 1 colher (sopa) azeite,"Cozinhe ou asse a abóbora até ficar macia, sem desmanchar. | Refogue cebola e alho no azeite; junte lentilha e tomate e cozinhe por 5 minutos. | Retire um pouco da polpa da abóbora, misture ao recheio e devolva a mistura para a cavidade. | Leve ao forno por cerca de 10 minutos para aquecer por igual.","Troque o legume pelo da estação que estiver mais acessível. | Quando fizer sentido, alterne entre frango, ovos, sardinha ou leguminosas já cozidas.","A receita pode ser multiplicada para a casa toda. Sirva a mesma base e deixe acompanhamentos ou temperos extras à mesa, sem cozinhar uma refeição separada.",Pode congelar por até 30 dias em porções.,"Use a sobra em saladas, omeletes, cuscuz ou recheios.","Reúne abóbora cabotiá, lentilha cozida e tomate picado em uma refeição prática para almoço ou jantar, pensada para caber na rotina e também servir à família.",As áreas de interesse são filtros editoriais de navegação e não indicam tratamento de sintomas ou doenças. Conteúdo alimentar e educacional; não substitui orientação individual de profissional de saúde.
R112,112,abobrinha-recheada-com-grao-de-bico,Abobrinha recheada com grão-de-bico,Almoços e jantares,Peso e saciedade | Circulação | Intestino e digestão,até 35 min | econômica | família | marmita | freezer | iniciante,25,Fácil,Baixo,2,2 unidades médias abobrinha | 1 xícara grão-de-bico cozido | 1 unidade média tomate picado | 1/2 unidade cebola picada | 1 dente alho | 1 colher (sopa) azeite,"Corte as abobrinhas ao meio no sentido do comprimento e retire parte do miolo. | Refogue cebola e alho; junte o miolo picado, o grão-de-bico e o tomate. | Recheie as metades de abobrinha com a mistura. | Tampe a frigideira ou leve ao forno até a abobrinha ficar macia.","Troque o legume pelo da estação que estiver mais acessível. | Quando fizer sentido, alterne entre frango, ovos, sardinha ou leguminosas já cozidas.","A receita pode ser multiplicada para a casa toda. Sirva a mesma base e deixe acompanhamentos ou temperos extras à mesa, sem cozinhar uma refeição separada.",Pode congelar por até 30 dias em porções.,"Use a sobra em saladas, omeletes, cuscuz ou recheios.","Reúne abobrinha, grão-de-bico cozido e tomate picado em uma refeição prática para almoço ou jantar, pensada para caber na rotina e também servir à família.",As áreas de interesse são filtros editoriais de navegação e não indicam tratamento de sintomas ou doenças. Conteúdo alimentar e educacional; não substitui orientação individual de profissional de saúde.
R113,113,berinjela-de-frigideira-com-feijao-e-tomate,Berinjela de frigideira com feijão e tomate,Almoços e jantares,Circulação | Intestino e digestão | Peso e saciedade,até 35 min | econômica | família | marmita | freezer | uma panela só | iniciante,25,Fácil,Baixo,2,1 xícara cozido feijão | 1 unidade pequena berinjela | 1 unidade média tomate | 1/2 unidade cebola | 1 dente alho | 1 colher (sopa) azeite,"Corte a berinjela em cubos e doure com cebola, alho e azeite. | Acrescente o tomate e cozinhe até começar a desmanchar. | Junte o feijão cozido e aqueça por mais 3 a 5 minutos. | Finalize com ervas e sirva.","Troque o legume pelo da estação que estiver mais acessível. | Quando fizer sentido, alterne entre frango, ovos, sardinha ou leguminosas já cozidas.","A receita pode ser multiplicada para a casa toda. Sirva a mesma base e deixe acompanhamentos ou temperos extras à mesa, sem cozinhar uma refeição separada.",Pode congelar por até 30 dias em porções.,"Use a sobra em saladas, omeletes, cuscuz ou recheios.","Reúne feijão, berinjela e tomate em uma refeição prática para almoço ou jantar, pensada para caber na rotina e também servir à família.",As áreas de interesse são filtros editoriais de navegação e não indicam tratamento de sintomas ou doenças. Conteúdo alimentar e educacional; não substitui orientação individual de profissional de saúde.
R114,114,escondidinho-de-lentilha-com-mandioca,Escondidinho de lentilha com mandioca,Almoços e jantares,Energia e disposição | Circulação | Intestino e digestão,até 35 min | econômica | família | marmita | freezer | iniciante,25,Fácil,Baixo,2,1 xícara cozida lentilha | 250 g mandioca | 1 unidade média tomate | 1/2 unidade cebola | 1 dente alho | 1 colher (sopa) azeite,"Cozinhe a mandioca até ficar bem macia e amasse com um pouco da água do cozimento. | Refogue cebola e alho; junte tomate e lentilha e cozinhe por 5 minutos. | Em uma travessa pequena, faça uma camada de lentilha e cubra com o purê de mandioca. | Leve ao forno por cerca de 10 minutos para aquecer e firmar.","Troque o legume pelo da estação que estiver mais acessível. | Quando fizer sentido, alterne entre frango, ovos, sardinha ou leguminosas já cozidas.","A receita pode ser multiplicada para a casa toda. Sirva a mesma base e deixe acompanhamentos ou temperos extras à mesa, sem cozinhar uma refeição separada.",Pode congelar por até 30 dias em porções.,"Use a sobra em saladas, omeletes, cuscuz ou recheios.","Reúne lentilha, mandioca e tomate em uma refeição prática para almoço ou jantar, pensada para caber na rotina e também servir à família.",As áreas de interesse são filtros editoriais de navegação e não indicam tratamento de sintomas ou doenças. Conteúdo alimentar e educacional; não substitui orientação individual de profissional de saúde.
R115,115,escondidinho-de-grao-de-bico-com-abobora,Escondidinho de grão-de-bico com abóbora,Almoços e jantares,Peso e saciedade | Circulação | Intestino e digestão,até 35 min | econômica | família | marmita | freezer | iniciante,25,Fácil,Baixo,2,1 xícara cozido grão-de-bico | 2 xícaras em cubos abóbora | 1/2 unidade cebola | 1 dente alho | 1 colher (sopa) azeite,"Cozinhe a abóbora até ficar macia e amasse até formar um purê. | Refogue cebola e alho; junte o grão-de-bico e ajuste os temperos. | Em uma travessa pequena, coloque o grão-de-bico e cubra com o purê de abóbora. | Leve ao forno por cerca de 10 minutos para aquecer por igual.","Troque o legume pelo da estação que estiver mais acessível. | Quando fizer sentido, alterne entre frango, ovos, sardinha ou leguminosas já cozidas.","A receita pode ser multiplicada para a casa toda. Sirva a mesma base e deixe acompanhamentos ou temperos extras à mesa, sem cozinhar uma refeição separada.",Pode congelar por até 30 dias em porções.,"Use a sobra em saladas, omeletes, cuscuz ou recheios.","Reúne grão-de-bico, abóbora e cebola em uma refeição prática para almoço ou jantar, pensada para caber na rotina e também servir à família.",As áreas de interesse são filtros editoriais de navegação e não indicam tratamento de sintomas ou doenças. Conteúdo alimentar e educacional; não substitui orientação individual de profissional de saúde.
R116,116,omelete-grande-de-legumes-para-dividir,Omelete grande de legumes para dividir,Almoços e jantares,Memória e concentração | Peso e saciedade | Circulação,até 35 min | econômica | família | marmita | freezer | uma panela só | iniciante,25,Fácil,Baixo,2,4 unidades ovos | 1 unidade pequena cenoura | 1 xícara fatiada couve | 1/2 unidade cebola | 1 colher (chá) azeite,"Refogue rapidamente a cebola e a cenoura no azeite. | Bata os ovos, misture a couve e despeje na frigideira sobre os legumes. | Cozinhe em fogo baixo com tampa até firmar; vire com cuidado se necessário. | Corte em porções e sirva.","Troque o legume pelo da estação que estiver mais acessível. | Quando fizer sentido, alterne entre frango, ovos, sardinha ou leguminosas já cozidas.","A receita pode ser multiplicada para a casa toda. Sirva a mesma base e deixe acompanhamentos ou temperos extras à mesa, sem cozinhar uma refeição separada.",Pode congelar por até 30 dias em porções.,"Use a sobra em saladas, omeletes, cuscuz ou recheios.","Reúne ovos, cenoura e couve em uma refeição prática para almoço ou jantar, pensada para caber na rotina e também servir à família.",As áreas de interesse são filtros editoriais de navegação e não indicam tratamento de sintomas ou doenças. Conteúdo alimentar e educacional; não substitui orientação individual de profissional de saúde.
R117,117,frittata-simples-de-batata-tomate-e-cebola,"Frittata simples de batata, tomate e cebola",Almoços e jantares,Energia e disposição | Memória e concentração | Peso e saciedade,até 35 min | econômica | família | marmita | freezer | uma panela só | iniciante,25,Fácil,Baixo,2,4 unidades ovos | 2 unidades pequenas batata | 1 unidade média tomate | 1/2 unidade cebola | 1 colher (chá) azeite,"Cozinhe a batata em cubos até ficar quase macia. | Refogue cebola e tomate em frigideira que possa ir ao forno ou mantenha em fogo baixo. | Bata os ovos, misture a batata e despeje sobre os legumes. | Cozinhe tampado em fogo baixo até firmar ou finalize por alguns minutos no forno.","Troque o legume pelo da estação que estiver mais acessível. | Quando fizer sentido, alterne entre frango, ovos, sardinha ou leguminosas já cozidas.","A receita pode ser multiplicada para a casa toda. Sirva a mesma base e deixe acompanhamentos ou temperos extras à mesa, sem cozinhar uma refeição separada.",Pode congelar por até 30 dias em porções.,"Use a sobra em saladas, omeletes, cuscuz ou recheios.","Reúne ovos, batata e tomate em uma refeição prática para almoço ou jantar, pensada para caber na rotina e também servir à família.",As áreas de interesse são filtros editoriais de navegação e não indicam tratamento de sintomas ou doenças. Conteúdo alimentar e educacional; não substitui orientação individual de profissional de saúde.
R118,118,arroz-de-forno-com-feijao-e-legumes,Arroz de forno com feijão e legumes,Almoços e jantares,Energia e disposição | Peso e saciedade | Circulação,até 35 min | econômica | família | marmita | freezer | iniciante,25,Fácil,Baixo,2,1 xícara cozido feijão | 1 xícara cozido arroz | 1 unidade pequena cenoura | 1/2 unidade cebola | 1 dente alho | 1 colher (sopa) azeite,"Misture o arroz cozido, o feijão e a cenoura já macia. | Refogue cebola e alho e incorpore à mistura. | Transfira para uma travessa pequena e regue com o azeite. | Leve ao forno por 10 a 15 minutos, apenas para aquecer e dourar levemente.","Troque o legume pelo da estação que estiver mais acessível. | Quando fizer sentido, alterne entre frango, ovos, sardinha ou leguminosas já cozidas.","A receita pode ser multiplicada para a casa toda. Sirva a mesma base e deixe acompanhamentos ou temperos extras à mesa, sem cozinhar uma refeição separada.",Pode congelar por até 30 dias em porções.,"Use a sobra em saladas, omeletes, cuscuz ou recheios.","Reúne feijão, arroz e cenoura em uma refeição prática para almoço ou jantar, pensada para caber na rotina e também servir à família.",As áreas de interesse são filtros editoriais de navegação e não indicam tratamento de sintomas ou doenças. Conteúdo alimentar e educacional; não substitui orientação individual de profissional de saúde.
R119,119,panela-de-legumes-com-ovos-cozidos,Panela de legumes com ovos cozidos,Almoços e jantares,Memória e concentração | Peso e saciedade | Circulação,até 35 min | econômica | família | marmita | freezer | iniciante,25,Fácil,Baixo,2,4 unidades ovos | 2 xícaras em cubos abóbora | 1 xícara fatiada couve | 1/2 unidade cebola | 1 colher (chá) azeite,"Cozinhe os ovos, descasque e reserve. | Refogue cebola e abóbora no azeite; junte um pouco de água e cozinhe até a abóbora ficar macia. | Acrescente a couve e cozinhe por mais 2 minutos. | Sirva os legumes com os ovos cortados ao meio.","Troque o legume pelo da estação que estiver mais acessível. | Quando fizer sentido, alterne entre frango, ovos, sardinha ou leguminosas já cozidas.","A receita pode ser multiplicada para a casa toda. Sirva a mesma base e deixe acompanhamentos ou temperos extras à mesa, sem cozinhar uma refeição separada.",Pode congelar por até 30 dias em porções.,"Use a sobra em saladas, omeletes, cuscuz ou recheios.","Reúne ovos, abóbora e couve em uma refeição prática para almoço ou jantar, pensada para caber na rotina e também servir à família.",As áreas de interesse são filtros editoriais de navegação e não indicam tratamento de sintomas ou doenças. Conteúdo alimentar e educacional; não substitui orientação individual de profissional de saúde.
R120,120,cuscuz-com-feijao-fradinho-e-legumes,Cuscuz com feijão-fradinho e legumes,Almoços e jantares,Energia e disposição | Circulação | Intestino e digestão,até 35 min | econômica | família | marmita | freezer | iniciante,25,Fácil,Baixo,2,1 xícara cozido feijão-fradinho | 1 xícara pronto cuscuz | 1 unidade média tomate | 1/2 unidade cebola | 1 dente alho | 1 colher (sopa) azeite,"Aqueça o feijão-fradinho com tomate, cebola e alho. | Solte o cuscuz já pronto com um garfo. | Misture o cuscuz ao feijão-fradinho ou sirva lado a lado. | Finalize com azeite e ervas.","Troque o legume pelo da estação que estiver mais acessível. | Quando fizer sentido, alterne entre frango, ovos, sardinha ou leguminosas já cozidas.","A receita pode ser multiplicada para a casa toda. Sirva a mesma base e deixe acompanhamentos ou temperos extras à mesa, sem cozinhar uma refeição separada.",Pode congelar por até 30 dias em porções.,"Use a sobra em saladas, omeletes, cuscuz ou recheios.","Reúne feijão-fradinho, cuscuz e tomate em uma refeição prática para almoço ou jantar, pensada para caber na rotina e também servir à família.",As áreas de interesse são filtros editoriais de navegação e não indicam tratamento de sintomas ou doenças. Conteúdo alimentar e educacional; não substitui orientação individual de profissional de saúde.
R121,121,prato-feito-leve-de-arroz-feijao-ovo-e-couve,"Prato feito leve de arroz, feijão, ovo e couve",Almoços e jantares,Memória e concentração | Energia e disposição | Peso e saciedade,até 20 min | econômica | família | marmita | iniciante,15,Fácil,Baixo,2,1 xícara arroz cozido | 1 xícara feijão ou leguminosa cozida | 1 unidade ovo | 1 xícara fatiada couve | a gosto azeite e limão,"Aqueça arroz, feijão e a proteína. | Prepare ou aqueça o legume. | Monte o prato ou marmita deixando cada componente visível. | Finalize com azeite, limão e ervas.","Troque o legume pelo da estação que estiver mais acessível. | Quando fizer sentido, alterne entre frango, ovos, sardinha ou leguminosas já cozidas.","A receita pode ser multiplicada para a casa toda. Sirva a mesma base e deixe acompanhamentos ou temperos extras à mesa, sem cozinhar uma refeição separada.","Congele arroz, feijão e proteína em porções; acrescente folhas frescas no dia.",Troque apenas um componente no dia seguinte para criar uma refeição nova.,"Reúne arroz cozido, feijão ou leguminosa cozida e ovo em uma refeição prática para almoço ou jantar, pensada para caber na rotina e também servir à família.",As áreas de interesse são filtros editoriais de navegação e não indicam tratamento de sintomas ou doenças. Conteúdo alimentar e educacional; não substitui orientação individual de profissional de saúde.
R122,122,prato-de-arroz-feijao-frango-e-abobora,"Prato de arroz, feijão, frango e abóbora",Almoços e jantares,Energia e disposição | Peso e saciedade | Circulação,até 20 min | econômica | família | marmita | iniciante,15,Fácil,Baixo,2,1 xícara arroz cozido | 1 xícara feijão ou leguminosa cozida | 1 porção frango | 2 xícaras em cubos abóbora | a gosto azeite e limão,"Aqueça arroz, feijão e a proteína. | Prepare ou aqueça o legume. | Monte o prato ou marmita deixando cada componente visível. | Finalize com azeite, limão e ervas.","Troque o legume pelo da estação que estiver mais acessível. | Quando fizer sentido, alterne entre frango, ovos, sardinha ou leguminosas já cozidas.","A receita pode ser multiplicada para a casa toda. Sirva a mesma base e deixe acompanhamentos ou temperos extras à mesa, sem cozinhar uma refeição separada.","Congele arroz, feijão e proteína em porções; acrescente folhas frescas no dia.",Troque apenas um componente no dia seguinte para criar uma refeição nova.,"Reúne arroz cozido, feijão ou leguminosa cozida e frango em uma refeição prática para almoço ou jantar, pensada para caber na rotina e também servir à família.",As áreas de interesse são filtros editoriais de navegação e não indicam tratamento de sintomas ou doenças. Conteúdo alimentar e educacional; não substitui orientação individual de profissional de saúde.
R123,123,prato-de-arroz-feijao-sardinha-e-tomate,"Prato de arroz, feijão, sardinha e tomate",Almoços e jantares,Circulação | Dores e incômodos físicos | Memória e concentração,até 20 min | econômica | família | marmita | iniciante,15,Fácil,Baixo,2,1 xícara arroz cozido | 1 xícara feijão ou leguminosa cozida | 1 lata pequena escorrida sardinha | 1 unidade média tomate | a gosto azeite e limão,"Aqueça arroz, feijão e a proteína. | Prepare ou aqueça o legume. | Monte o prato ou marmita deixando cada componente visível. | Finalize com azeite, limão e ervas.","Troque o legume pelo da estação que estiver mais acessível. | Quando fizer sentido, alterne entre frango, ovos, sardinha ou leguminosas já cozidas.","A receita pode ser multiplicada para a casa toda. Sirva a mesma base e deixe acompanhamentos ou temperos extras à mesa, sem cozinhar uma refeição separada.","Congele arroz, feijão e proteína em porções; acrescente folhas frescas no dia.",Troque apenas um componente no dia seguinte para criar uma refeição nova.,"Reúne arroz cozido, feijão ou leguminosa cozida e sardinha em uma refeição prática para almoço ou jantar, pensada para caber na rotina e também servir à família.",As áreas de interesse são filtros editoriais de navegação e não indicam tratamento de sintomas ou doenças. Conteúdo alimentar e educacional; não substitui orientação individual de profissional de saúde.
R124,124,prato-de-arroz-feijao-carne-moida-e-cenoura,"Prato de arroz, feijão, carne moída e cenoura",Almoços e jantares,Energia e disposição | Peso e saciedade | Circulação,até 20 min | família | marmita | iniciante,15,Fácil,Médio,2,1 xícara arroz cozido | 1 xícara feijão ou leguminosa cozida | 1 porção carne moída | 1 unidade pequena cenoura | a gosto azeite e limão,"Aqueça arroz, feijão e a proteína. | Prepare ou aqueça o legume. | Monte o prato ou marmita deixando cada componente visível. | Finalize com azeite, limão e ervas.","Troque o legume pelo da estação que estiver mais acessível. | Quando fizer sentido, alterne entre frango, ovos, sardinha ou leguminosas já cozidas.","A receita pode ser multiplicada para a casa toda. Sirva a mesma base e deixe acompanhamentos ou temperos extras à mesa, sem cozinhar uma refeição separada.","Congele arroz, feijão e proteína em porções; acrescente folhas frescas no dia.",Troque apenas um componente no dia seguinte para criar uma refeição nova.,"Reúne arroz cozido, feijão ou leguminosa cozida e carne moída em uma refeição prática para almoço ou jantar, pensada para caber na rotina e também servir à família.",As áreas de interesse são filtros editoriais de navegação e não indicam tratamento de sintomas ou doenças. Conteúdo alimentar e educacional; não substitui orientação individual de profissional de saúde.
R125,125,prato-de-arroz-feijao-ovo-e-abobrinha,"Prato de arroz, feijão, ovo e abobrinha",Almoços e jantares,Memória e concentração | Energia e disposição | Peso e saciedade,até 20 min | econômica | família | marmita | iniciante,15,Fácil,Baixo,2,1 xícara arroz cozido | 1 xícara feijão ou leguminosa cozida | 1 unidade ovo | 1 unidade pequena abobrinha | a gosto azeite e limão,"Aqueça arroz, feijão e a proteína. | Prepare ou aqueça o legume. | Monte o prato ou marmita deixando cada componente visível. | Finalize com azeite, limão e ervas.","Troque o legume pelo da estação que estiver mais acessível. | Quando fizer sentido, alterne entre frango, ovos, sardinha ou leguminosas já cozidas.","A receita pode ser multiplicada para a casa toda. Sirva a mesma base e deixe acompanhamentos ou temperos extras à mesa, sem cozinhar uma refeição separada.","Congele arroz, feijão e proteína em porções; acrescente folhas frescas no dia.",Troque apenas um componente no dia seguinte para criar uma refeição nova.,"Reúne arroz cozido, feijão ou leguminosa cozida e ovo em uma refeição prática para almoço ou jantar, pensada para caber na rotina e também servir à família.",As áreas de interesse são filtros editoriais de navegação e não indicam tratamento de sintomas ou doenças. Conteúdo alimentar e educacional; não substitui orientação individual de profissional de saúde.
R126,126,bowl-de-arroz-lentilha-frango-e-tomate,"Bowl de arroz, lentilha, frango e tomate",Almoços e jantares,Energia e disposição | Circulação | Intestino e digestão,até 20 min | econômica | família | marmita | iniciante,15,Fácil,Baixo,2,1 xícara arroz cozido | 1 xícara feijão ou leguminosa cozida | 1 porção frango | 1 unidade média tomate | a gosto azeite e limão | 1 xícara lentilha cozida,"Aqueça arroz, feijão e a proteína. | Prepare ou aqueça o legume. | Monte o prato ou marmita deixando cada componente visível. | Finalize com azeite, limão e ervas.","Troque o legume pelo da estação que estiver mais acessível. | Quando fizer sentido, alterne entre frango, ovos, sardinha ou leguminosas já cozidas.","A receita pode ser multiplicada para a casa toda. Sirva a mesma base e deixe acompanhamentos ou temperos extras à mesa, sem cozinhar uma refeição separada.","Congele arroz, feijão e proteína em porções; acrescente folhas frescas no dia.",Troque apenas um componente no dia seguinte para criar uma refeição nova.,"Reúne arroz cozido, feijão ou leguminosa cozida e frango em uma refeição prática para almoço ou jantar, pensada para caber na rotina e também servir à família.",As áreas de interesse são filtros editoriais de navegação e não indicam tratamento de sintomas ou doenças. Conteúdo alimentar e educacional; não substitui orientação individual de profissional de saúde.
R127,127,bowl-de-arroz-grao-de-bico-e-legumes,"Bowl de arroz, grão-de-bico e legumes",Almoços e jantares,Energia e disposição | Peso e saciedade | Circulação,até 20 min | econômica | família | marmita | iniciante,15,Fácil,Baixo,2,1 xícara arroz cozido | 1 xícara feijão ou leguminosa cozida | 1 xícara cozido grão-de-bico | 1 unidade pequena cenoura | a gosto azeite e limão,"Aqueça arroz, feijão e a proteína. | Prepare ou aqueça o legume. | Monte o prato ou marmita deixando cada componente visível. | Finalize com azeite, limão e ervas.","Troque o legume pelo da estação que estiver mais acessível. | Quando fizer sentido, alterne entre frango, ovos, sardinha ou leguminosas já cozidas.","A receita pode ser multiplicada para a casa toda. Sirva a mesma base e deixe acompanhamentos ou temperos extras à mesa, sem cozinhar uma refeição separada.","Congele arroz, feijão e proteína em porções; acrescente folhas frescas no dia.",Troque apenas um componente no dia seguinte para criar uma refeição nova.,"Reúne arroz cozido, feijão ou leguminosa cozida e grão-de-bico em uma refeição prática para almoço ou jantar, pensada para caber na rotina e também servir à família.",As áreas de interesse são filtros editoriais de navegação e não indicam tratamento de sintomas ou doenças. Conteúdo alimentar e educacional; não substitui orientação individual de profissional de saúde.
R128,128,bowl-de-arroz-atum-e-feijao-fradinho,"Bowl de arroz, atum e feijão-fradinho",Almoços e jantares,Circulação | Dores e incômodos físicos | Memória e concentração,até 20 min | família | marmita | iniciante,15,Fácil,Médio,2,1 xícara arroz cozido | 1 xícara feijão ou leguminosa cozida | 1/2 lata escorrida atum | 1 xícara cozido feijão-fradinho | a gosto azeite e limão,"Aqueça arroz, feijão e a proteína. | Prepare ou aqueça o legume. | Monte o prato ou marmita deixando cada componente visível. | Finalize com azeite, limão e ervas.","Troque o legume pelo da estação que estiver mais acessível. | Quando fizer sentido, alterne entre frango, ovos, sardinha ou leguminosas já cozidas.","A receita pode ser multiplicada para a casa toda. Sirva a mesma base e deixe acompanhamentos ou temperos extras à mesa, sem cozinhar uma refeição separada.","Congele arroz, feijão e proteína em porções; acrescente folhas frescas no dia.",Troque apenas um componente no dia seguinte para criar uma refeição nova.,"Reúne arroz cozido, feijão ou leguminosa cozida e atum em uma refeição prática para almoço ou jantar, pensada para caber na rotina e também servir à família.",As áreas de interesse são filtros editoriais de navegação e não indicam tratamento de sintomas ou doenças. Conteúdo alimentar e educacional; não substitui orientação individual de profissional de saúde.
R129,129,bowl-de-arroz-ovo-abobora-e-couve,"Bowl de arroz, ovo, abóbora e couve",Almoços e jantares,Memória e concentração | Energia e disposição | Peso e saciedade,até 20 min | econômica | família | marmita | iniciante,15,Fácil,Baixo,2,1 xícara arroz cozido | 1 xícara feijão ou leguminosa cozida | 1 unidade ovo | 2 xícaras em cubos abóbora | a gosto azeite e limão | 1 xícara couve fatiada,"Aqueça arroz, feijão e a proteína. | Prepare ou aqueça o legume. | Monte o prato ou marmita deixando cada componente visível. | Finalize com azeite, limão e ervas.","Troque o legume pelo da estação que estiver mais acessível. | Quando fizer sentido, alterne entre frango, ovos, sardinha ou leguminosas já cozidas.","A receita pode ser multiplicada para a casa toda. Sirva a mesma base e deixe acompanhamentos ou temperos extras à mesa, sem cozinhar uma refeição separada.","Congele arroz, feijão e proteína em porções; acrescente folhas frescas no dia.",Troque apenas um componente no dia seguinte para criar uma refeição nova.,"Reúne arroz cozido, feijão ou leguminosa cozida e ovo em uma refeição prática para almoço ou jantar, pensada para caber na rotina e também servir à família.",As áreas de interesse são filtros editoriais de navegação e não indicam tratamento de sintomas ou doenças. Conteúdo alimentar e educacional; não substitui orientação individual de profissional de saúde.
R130,130,bowl-de-arroz-sardinha-cenoura-e-tomate,"Bowl de arroz, sardinha, cenoura e tomate",Almoços e jantares,Circulação | Dores e incômodos físicos | Memória e concentração,até 20 min | econômica | família | marmita | iniciante,15,Fácil,Baixo,2,1 xícara arroz cozido | 1 xícara feijão ou leguminosa cozida | 1 lata pequena escorrida sardinha | 1 unidade pequena cenoura | a gosto azeite e limão | 1 unidade média tomate,"Aqueça arroz, feijão e a proteína. | Prepare ou aqueça o legume. | Monte o prato ou marmita deixando cada componente visível. | Finalize com azeite, limão e ervas.","Troque o legume pelo da estação que estiver mais acessível. | Quando fizer sentido, alterne entre frango, ovos, sardinha ou leguminosas já cozidas.","A receita pode ser multiplicada para a casa toda. Sirva a mesma base e deixe acompanhamentos ou temperos extras à mesa, sem cozinhar uma refeição separada.","Congele arroz, feijão e proteína em porções; acrescente folhas frescas no dia.",Troque apenas um componente no dia seguinte para criar uma refeição nova.,"Reúne arroz cozido, feijão ou leguminosa cozida e sardinha em uma refeição prática para almoço ou jantar, pensada para caber na rotina e também servir à família.",As áreas de interesse são filtros editoriais de navegação e não indicam tratamento de sintomas ou doenças. Conteúdo alimentar e educacional; não substitui orientação individual de profissional de saúde.
R131,131,marmita-de-arroz-feijao-frango-e-repolho,"Marmita de arroz, feijão, frango e repolho",Almoços e jantares,Energia e disposição | Peso e saciedade | Circulação,até 20 min | econômica | família | marmita | iniciante,15,Fácil,Baixo,2,1 xícara arroz cozido | 1 xícara feijão ou leguminosa cozida | 1 porção frango | 1 xícara fatiado repolho | a gosto azeite e limão,"Aqueça arroz, feijão e a proteína. | Prepare ou aqueça o legume. | Monte o prato ou marmita deixando cada componente visível. | Finalize com azeite, limão e ervas.","Troque o legume pelo da estação que estiver mais acessível. | Quando fizer sentido, alterne entre frango, ovos, sardinha ou leguminosas já cozidas.","A receita pode ser multiplicada para a casa toda. Sirva a mesma base e deixe acompanhamentos ou temperos extras à mesa, sem cozinhar uma refeição separada.","Congele arroz, feijão e proteína em porções; acrescente folhas frescas no dia.",Troque apenas um componente no dia seguinte para criar uma refeição nova.,"Reúne arroz cozido, feijão ou leguminosa cozida e frango em uma refeição prática para almoço ou jantar, pensada para caber na rotina e também servir à família.",As áreas de interesse são filtros editoriais de navegação e não indicam tratamento de sintomas ou doenças. Conteúdo alimentar e educacional; não substitui orientação individual de profissional de saúde.
R132,132,marmita-de-arroz-lentilha-carne-moida-e-cenoura,"Marmita de arroz, lentilha, carne moída e cenoura",Almoços e jantares,Energia e disposição | Peso e saciedade | Circulação,até 20 min | família | marmita | iniciante,15,Fácil,Médio,2,1 xícara arroz cozido | 1 xícara feijão ou leguminosa cozida | 1 porção carne moída | 1 unidade pequena cenoura | a gosto azeite e limão | 1 xícara lentilha cozida,"Aqueça arroz, feijão e a proteína. | Prepare ou aqueça o legume. | Monte o prato ou marmita deixando cada componente visível. | Finalize com azeite, limão e ervas.","Troque o legume pelo da estação que estiver mais acessível. | Quando fizer sentido, alterne entre frango, ovos, sardinha ou leguminosas já cozidas.","A receita pode ser multiplicada para a casa toda. Sirva a mesma base e deixe acompanhamentos ou temperos extras à mesa, sem cozinhar uma refeição separada.","Congele arroz, feijão e proteína em porções; acrescente folhas frescas no dia.",Troque apenas um componente no dia seguinte para criar uma refeição nova.,"Reúne arroz cozido, feijão ou leguminosa cozida e carne moída em uma refeição prática para almoço ou jantar, pensada para caber na rotina e também servir à família.",As áreas de interesse são filtros editoriais de navegação e não indicam tratamento de sintomas ou doenças. Conteúdo alimentar e educacional; não substitui orientação individual de profissional de saúde.
R133,133,marmita-de-arroz-feijao-ovo-e-beterraba,"Marmita de arroz, feijão, ovo e beterraba",Almoços e jantares,Memória e concentração | Energia e disposição | Circulação,até 20 min | econômica | família | marmita | iniciante,15,Fácil,Baixo,2,1 xícara arroz cozido | 1 xícara feijão ou leguminosa cozida | 1 unidade ovo | 1 xícara beterraba | a gosto azeite e limão,"Aqueça arroz, feijão e a proteína. | Prepare ou aqueça o legume. | Monte o prato ou marmita deixando cada componente visível. | Finalize com azeite, limão e ervas.","Troque o legume pelo da estação que estiver mais acessível. | Quando fizer sentido, alterne entre frango, ovos, sardinha ou leguminosas já cozidas.","A receita pode ser multiplicada para a casa toda. Sirva a mesma base e deixe acompanhamentos ou temperos extras à mesa, sem cozinhar uma refeição separada.","Congele arroz, feijão e proteína em porções; acrescente folhas frescas no dia.",Troque apenas um componente no dia seguinte para criar uma refeição nova.,"Reúne arroz cozido, feijão ou leguminosa cozida e ovo em uma refeição prática para almoço ou jantar, pensada para caber na rotina e também servir à família.",As áreas de interesse são filtros editoriais de navegação e não indicam tratamento de sintomas ou doenças. Conteúdo alimentar e educacional; não substitui orientação individual de profissional de saúde.
R134,134,marmita-de-arroz-grao-de-bico-frango-e-abobrinha,"Marmita de arroz, grão-de-bico, frango e abobrinha",Almoços e jantares,Energia e disposição | Peso e saciedade | Circulação,até 20 min | econômica | família | marmita | iniciante,15,Fácil,Baixo,2,1 xícara arroz cozido | 1 xícara feijão ou leguminosa cozida | 1 porção frango | 1 unidade pequena abobrinha | a gosto azeite e limão | 1 xícara grão-de-bico cozido,"Aqueça arroz, feijão e a proteína. | Prepare ou aqueça o legume. | Monte o prato ou marmita deixando cada componente visível. | Finalize com azeite, limão e ervas.","Troque o legume pelo da estação que estiver mais acessível. | Quando fizer sentido, alterne entre frango, ovos, sardinha ou leguminosas já cozidas.","A receita pode ser multiplicada para a casa toda. Sirva a mesma base e deixe acompanhamentos ou temperos extras à mesa, sem cozinhar uma refeição separada.","Congele arroz, feijão e proteína em porções; acrescente folhas frescas no dia.",Troque apenas um componente no dia seguinte para criar uma refeição nova.,"Reúne arroz cozido, feijão ou leguminosa cozida e frango em uma refeição prática para almoço ou jantar, pensada para caber na rotina e também servir à família.",As áreas de interesse são filtros editoriais de navegação e não indicam tratamento de sintomas ou doenças. Conteúdo alimentar e educacional; não substitui orientação individual de profissional de saúde.
R135,135,marmita-de-arroz-feijao-fradinho-sardinha-e-couve,"Marmita de arroz, feijão-fradinho, sardinha e couve",Almoços e jantares,Circulação | Dores e incômodos físicos | Memória e concentração,até 20 min | econômica | família | marmita | iniciante,15,Fácil,Baixo,2,1 xícara arroz cozido | 1 xícara feijão ou leguminosa cozida | 1 lata pequena escorrida sardinha | 1 xícara fatiada couve | a gosto azeite e limão | 1 xícara feijão-fradinho cozido,"Aqueça arroz, feijão e a proteína. | Prepare ou aqueça o legume. | Monte o prato ou marmita deixando cada componente visível. | Finalize com azeite, limão e ervas.","Troque o legume pelo da estação que estiver mais acessível. | Quando fizer sentido, alterne entre frango, ovos, sardinha ou leguminosas já cozidas.","A receita pode ser multiplicada para a casa toda. Sirva a mesma base e deixe acompanhamentos ou temperos extras à mesa, sem cozinhar uma refeição separada.","Congele arroz, feijão e proteína em porções; acrescente folhas frescas no dia.",Troque apenas um componente no dia seguinte para criar uma refeição nova.,"Reúne arroz cozido, feijão ou leguminosa cozida e sardinha em uma refeição prática para almoço ou jantar, pensada para caber na rotina e também servir à família.",As áreas de interesse são filtros editoriais de navegação e não indicam tratamento de sintomas ou doenças. Conteúdo alimentar e educacional; não substitui orientação individual de profissional de saúde.
R136,136,macarrao-com-frango-tomate-e-cenoura,"Macarrão com frango, tomate e cenoura",Almoços e jantares,Energia e disposição | Peso e saciedade,até 35 min | econômica | família | marmita | freezer | iniciante,25,Fácil,Baixo,2,1 xícara cozido macarrão | 1 porção frango | 1 unidade média tomate | 1 unidade pequena cenoura | a gosto alho e cebola | o suficiente água quente,"Refogue alho, cebola e a proteína. | Acrescente a base, os legumes e água quente aos poucos. | Cozinhe mexendo de vez em quando até a base ficar macia. | Ajuste o sal e finalize com cheiro-verde.","Troque o legume pelo da estação que estiver mais acessível. | Quando fizer sentido, alterne entre frango, ovos, sardinha ou leguminosas já cozidas.","A receita pode ser multiplicada para a casa toda. Sirva a mesma base e deixe acompanhamentos ou temperos extras à mesa, sem cozinhar uma refeição separada.",Pode congelar por até 20 dias; massas ficam melhores frescas.,Leve a sobra na marmita do dia seguinte.,"Reúne macarrão, frango e tomate em uma refeição prática para almoço ou jantar, pensada para caber na rotina e também servir à família.",As áreas de interesse são filtros editoriais de navegação e não indicam tratamento de sintomas ou doenças. Conteúdo alimentar e educacional; não substitui orientação individual de profissional de saúde.
R137,137,macarrao-com-atum-tomate-e-ervilha,"Macarrão com atum, tomate e ervilha",Almoços e jantares,Dores e incômodos físicos | Circulação | Memória e concentração,até 35 min | família | marmita | freezer | iniciante,25,Fácil,Médio,2,1 xícara cozido macarrão | 1/2 lata escorrida atum | 1 unidade média tomate | 1/2 xícara ervilha | a gosto alho e cebola | o suficiente água quente,"Refogue alho, cebola e a proteína. | Acrescente a base, os legumes e água quente aos poucos. | Cozinhe mexendo de vez em quando até a base ficar macia. | Ajuste o sal e finalize com cheiro-verde.","Troque o legume pelo da estação que estiver mais acessível. | Quando fizer sentido, alterne entre frango, ovos, sardinha ou leguminosas já cozidas.","A receita pode ser multiplicada para a casa toda. Sirva a mesma base e deixe acompanhamentos ou temperos extras à mesa, sem cozinhar uma refeição separada.",Pode congelar por até 20 dias; massas ficam melhores frescas.,Leve a sobra na marmita do dia seguinte.,"Reúne macarrão, atum e tomate em uma refeição prática para almoço ou jantar, pensada para caber na rotina e também servir à família.",As áreas de interesse são filtros editoriais de navegação e não indicam tratamento de sintomas ou doenças. Conteúdo alimentar e educacional; não substitui orientação individual de profissional de saúde.
R138,138,macarrao-com-lentilha-e-molho-de-tomate,Macarrão com lentilha e molho de tomate,Almoços e jantares,Energia e disposição | Peso e saciedade | Circulação,até 35 min | econômica | família | marmita | freezer | iniciante,25,Fácil,Baixo,2,1 xícara cozido macarrão | 1 xícara cozida lentilha | 1 xícara molho de tomate | 1 unidade pequena cenoura | a gosto alho e cebola | o suficiente água quente,"Refogue alho, cebola e a proteína. | Acrescente a base, os legumes e água quente aos poucos. | Cozinhe mexendo de vez em quando até a base ficar macia. | Ajuste o sal e finalize com cheiro-verde.","Troque o legume pelo da estação que estiver mais acessível. | Quando fizer sentido, alterne entre frango, ovos, sardinha ou leguminosas já cozidas.","A receita pode ser multiplicada para a casa toda. Sirva a mesma base e deixe acompanhamentos ou temperos extras à mesa, sem cozinhar uma refeição separada.",Pode congelar por até 20 dias; massas ficam melhores frescas.,Leve a sobra na marmita do dia seguinte.,"Reúne macarrão, lentilha e molho de tomate em uma refeição prática para almoço ou jantar, pensada para caber na rotina e também servir à família.",As áreas de interesse são filtros editoriais de navegação e não indicam tratamento de sintomas ou doenças. Conteúdo alimentar e educacional; não substitui orientação individual de profissional de saúde.
R139,139,macarrao-com-carne-moida-e-abobrinha,Macarrão com carne moída e abobrinha,Almoços e jantares,Energia e disposição | Peso e saciedade,até 35 min | família | marmita | freezer | iniciante,25,Fácil,Médio,2,1 xícara cozido macarrão | 1 porção carne moída | 1 unidade pequena abobrinha | 1 unidade média tomate | a gosto alho e cebola | o suficiente água quente,"Refogue alho, cebola e a proteína. | Acrescente a base, os legumes e água quente aos poucos. | Cozinhe mexendo de vez em quando até a base ficar macia. | Ajuste o sal e finalize com cheiro-verde.","Troque o legume pelo da estação que estiver mais acessível. | Quando fizer sentido, alterne entre frango, ovos, sardinha ou leguminosas já cozidas.","A receita pode ser multiplicada para a casa toda. Sirva a mesma base e deixe acompanhamentos ou temperos extras à mesa, sem cozinhar uma refeição separada.",Pode congelar por até 20 dias; massas ficam melhores frescas.,Leve a sobra na marmita do dia seguinte.,"Reúne macarrão, carne moída e abobrinha em uma refeição prática para almoço ou jantar, pensada para caber na rotina e também servir à família.",As áreas de interesse são filtros editoriais de navegação e não indicam tratamento de sintomas ou doenças. Conteúdo alimentar e educacional; não substitui orientação individual de profissional de saúde.
R140,140,macarrao-com-sardinha-e-tomate,Macarrão com sardinha e tomate,Almoços e jantares,Dores e incômodos físicos | Circulação | Memória e concentração,até 35 min | econômica | família | marmita | freezer | iniciante,25,Fácil,Baixo,2,1 xícara cozido macarrão | 1 lata pequena escorrida sardinha | 1 unidade média tomate | 1/2 unidade cebola | a gosto alho e cebola | o suficiente água quente,"Refogue alho, cebola e a proteína. | Acrescente a base, os legumes e água quente aos poucos. | Cozinhe mexendo de vez em quando até a base ficar macia. | Ajuste o sal e finalize com cheiro-verde.","Troque o legume pelo da estação que estiver mais acessível. | Quando fizer sentido, alterne entre frango, ovos, sardinha ou leguminosas já cozidas.","A receita pode ser multiplicada para a casa toda. Sirva a mesma base e deixe acompanhamentos ou temperos extras à mesa, sem cozinhar uma refeição separada.",Pode congelar por até 20 dias; massas ficam melhores frescas.,Leve a sobra na marmita do dia seguinte.,"Reúne macarrão, sardinha e tomate em uma refeição prática para almoço ou jantar, pensada para caber na rotina e também servir à família.",As áreas de interesse são filtros editoriais de navegação e não indicam tratamento de sintomas ou doenças. Conteúdo alimentar e educacional; não substitui orientação individual de profissional de saúde.
R141,141,arroz-de-panela-unica-com-frango-e-legumes,Arroz de panela única com frango e legumes,Almoços e jantares,Energia e disposição | Peso e saciedade,até 35 min | econômica | família | marmita | freezer | uma panela só | iniciante,25,Fácil,Baixo,2,1/2 xícara arroz cru | 1 porção frango | 1 unidade pequena cenoura | 1 unidade pequena abobrinha | a gosto alho e cebola | o suficiente água quente,"Refogue alho, cebola e a proteína. | Acrescente a base, os legumes e água quente aos poucos. | Cozinhe mexendo de vez em quando até a base ficar macia. | Ajuste o sal e finalize com cheiro-verde.","Troque o legume pelo da estação que estiver mais acessível. | Quando fizer sentido, alterne entre frango, ovos, sardinha ou leguminosas já cozidas.","A receita pode ser multiplicada para a casa toda. Sirva a mesma base e deixe acompanhamentos ou temperos extras à mesa, sem cozinhar uma refeição separada.",Pode congelar por até 20 dias; massas ficam melhores frescas.,Leve a sobra na marmita do dia seguinte.,"Reúne arroz cru, frango e cenoura em uma refeição prática para almoço ou jantar, pensada para caber na rotina e também servir à família.",As áreas de interesse são filtros editoriais de navegação e não indicam tratamento de sintomas ou doenças. Conteúdo alimentar e educacional; não substitui orientação individual de profissional de saúde.
R142,142,arroz-de-panela-unica-com-lentilha-e-abobora,Arroz de panela única com lentilha e abóbora,Almoços e jantares,Energia e disposição | Peso e saciedade | Intestino e digestão,até 35 min | econômica | família | marmita | freezer | uma panela só | iniciante,25,Fácil,Baixo,2,1/2 xícara arroz cru | 1 xícara cozida lentilha | 2 xícaras em cubos abóbora | 1 xícara fatiada couve | a gosto alho e cebola | o suficiente água quente,"Refogue alho, cebola e a proteína. | Acrescente a base, os legumes e água quente aos poucos. | Cozinhe mexendo de vez em quando até a base ficar macia. | Ajuste o sal e finalize com cheiro-verde.","Troque o legume pelo da estação que estiver mais acessível. | Quando fizer sentido, alterne entre frango, ovos, sardinha ou leguminosas já cozidas.","A receita pode ser multiplicada para a casa toda. Sirva a mesma base e deixe acompanhamentos ou temperos extras à mesa, sem cozinhar uma refeição separada.",Pode congelar por até 20 dias; massas ficam melhores frescas.,Leve a sobra na marmita do dia seguinte.,"Reúne arroz cru, lentilha e abóbora em uma refeição prática para almoço ou jantar, pensada para caber na rotina e também servir à família.",As áreas de interesse são filtros editoriais de navegação e não indicam tratamento de sintomas ou doenças. Conteúdo alimentar e educacional; não substitui orientação individual de profissional de saúde.
R143,143,arroz-de-panela-unica-com-sardinha-e-tomate,Arroz de panela única com sardinha e tomate,Almoços e jantares,Dores e incômodos físicos | Circulação | Memória e concentração,até 35 min | econômica | família | marmita | freezer | uma panela só | iniciante,25,Fácil,Baixo,2,1/2 xícara arroz cru | 1 lata pequena escorrida sardinha | 1 unidade média tomate | 1 unidade pequena cenoura | a gosto alho e cebola | o suficiente água quente,"Refogue alho, cebola e a proteína. | Acrescente a base, os legumes e água quente aos poucos. | Cozinhe mexendo de vez em quando até a base ficar macia. | Ajuste o sal e finalize com cheiro-verde.","Troque o legume pelo da estação que estiver mais acessível. | Quando fizer sentido, alterne entre frango, ovos, sardinha ou leguminosas já cozidas.","A receita pode ser multiplicada para a casa toda. Sirva a mesma base e deixe acompanhamentos ou temperos extras à mesa, sem cozinhar uma refeição separada.",Pode congelar por até 20 dias; massas ficam melhores frescas.,Leve a sobra na marmita do dia seguinte.,"Reúne arroz cru, sardinha e tomate em uma refeição prática para almoço ou jantar, pensada para caber na rotina e também servir à família.",As áreas de interesse são filtros editoriais de navegação e não indicam tratamento de sintomas ou doenças. Conteúdo alimentar e educacional; não substitui orientação individual de profissional de saúde.
R144,144,arroz-de-panela-unica-com-carne-moida-e-cenoura,Arroz de panela única com carne moída e cenoura,Almoços e jantares,Energia e disposição | Peso e saciedade,até 35 min | família | marmita | freezer | uma panela só | iniciante,25,Fácil,Médio,2,1/2 xícara arroz cru | 1 porção carne moída | 1 unidade pequena cenoura | 1/2 xícara ervilha | a gosto alho e cebola | o suficiente água quente,"Refogue alho, cebola e a proteína. | Acrescente a base, os legumes e água quente aos poucos. | Cozinhe mexendo de vez em quando até a base ficar macia. | Ajuste o sal e finalize com cheiro-verde.","Troque o legume pelo da estação que estiver mais acessível. | Quando fizer sentido, alterne entre frango, ovos, sardinha ou leguminosas já cozidas.","A receita pode ser multiplicada para a casa toda. Sirva a mesma base e deixe acompanhamentos ou temperos extras à mesa, sem cozinhar uma refeição separada.",Pode congelar por até 20 dias; massas ficam melhores frescas.,Leve a sobra na marmita do dia seguinte.,"Reúne arroz cru, carne moída e cenoura em uma refeição prática para almoço ou jantar, pensada para caber na rotina e também servir à família.",As áreas de interesse são filtros editoriais de navegação e não indicam tratamento de sintomas ou doenças. Conteúdo alimentar e educacional; não substitui orientação individual de profissional de saúde.
R145,145,arroz-de-panela-unica-com-grao-de-bico-e-legumes,Arroz de panela única com grão-de-bico e legumes,Almoços e jantares,Energia e disposição | Peso e saciedade | Intestino e digestão,até 35 min | econômica | família | marmita | freezer | uma panela só | iniciante,25,Fácil,Baixo,2,1/2 xícara arroz cru | 1 xícara cozido grão-de-bico | 1 unidade pequena cenoura | 1 unidade pequena abobrinha | a gosto alho e cebola | o suficiente água quente,"Refogue alho, cebola e a proteína. | Acrescente a base, os legumes e água quente aos poucos. | Cozinhe mexendo de vez em quando até a base ficar macia. | Ajuste o sal e finalize com cheiro-verde.","Troque o legume pelo da estação que estiver mais acessível. | Quando fizer sentido, alterne entre frango, ovos, sardinha ou leguminosas já cozidas.","A receita pode ser multiplicada para a casa toda. Sirva a mesma base e deixe acompanhamentos ou temperos extras à mesa, sem cozinhar uma refeição separada.",Pode congelar por até 20 dias; massas ficam melhores frescas.,Leve a sobra na marmita do dia seguinte.,"Reúne arroz cru, grão-de-bico e cenoura em uma refeição prática para almoço ou jantar, pensada para caber na rotina e também servir à família.",As áreas de interesse são filtros editoriais de navegação e não indicam tratamento de sintomas ou doenças. Conteúdo alimentar e educacional; não substitui orientação individual de profissional de saúde.
R146,146,banana-com-aveia-canela-e-amendoim,"Banana com aveia, canela e amendoim",Lanches,Intestino e digestão | Sono e rotina noturna | Energia e disposição,5 min | econômica | iniciante,4,Fácil,Baixo,1,1 porção banana | 2 colheres (sopa) aveia | 1 colher (sopa) amendoim,Separe os ingredientes. | Pique ou amasse a fruta quando necessário. | Misture e consuma na hora.,"Troque a fruta por outra da estação. | Aveia, chia, linhaça ou amendoim podem ser alternados conforme o que houver em casa.","Para servir mais pessoas, multiplique as quantidades mantendo a mesma proporção dos ingredientes.",Não é a melhor opção para congelar.,Guarde as sobras refrigeradas e consuma em até 2 dias.,"Usa banana, aveia e amendoim em um lanche simples, útil para evitar improvisos entre as refeições.",As áreas de interesse são filtros editoriais de navegação e não indicam tratamento de sintomas ou doenças. Conteúdo alimentar e educacional; não substitui orientação individual de profissional de saúde.
R147,147,mamao-com-iogurte-e-chia,Mamão com iogurte e chia,Lanches,Intestino e digestão | Peso e saciedade | Sono e rotina noturna,5 min | econômica | sem fogão | iniciante,4,Fácil,Baixo,1,1 porção mamão | 1 pote (160 a 170 g) iogurte natural | 1 colher (sopa) chia,Separe os ingredientes. | Pique ou amasse a fruta quando necessário. | Misture e consuma na hora.,"Troque a fruta por outra da estação. | Aveia, chia, linhaça ou amendoim podem ser alternados conforme o que houver em casa.","Para servir mais pessoas, multiplique as quantidades mantendo a mesma proporção dos ingredientes.",Não é a melhor opção para congelar.,Guarde as sobras refrigeradas e consuma em até 2 dias.,"Usa mamão, iogurte natural e chia em um lanche simples, útil para evitar improvisos entre as refeições.",As áreas de interesse são filtros editoriais de navegação e não indicam tratamento de sintomas ou doenças. Conteúdo alimentar e educacional; não substitui orientação individual de profissional de saúde.
R148,148,maca-com-pasta-de-amendoim-e-canela,Maçã com pasta de amendoim e canela,Lanches,Energia e disposição,5 min | econômica | sem fogão | iniciante,4,Fácil,Baixo,1,1 porção maçã | 1 colher (sopa) pasta de amendoim | 1 pitada canela,Separe os ingredientes. | Pique ou amasse a fruta quando necessário. | Misture e consuma na hora.,"Troque a fruta por outra da estação. | Aveia, chia, linhaça ou amendoim podem ser alternados conforme o que houver em casa.","Para servir mais pessoas, multiplique as quantidades mantendo a mesma proporção dos ingredientes.",Não é a melhor opção para congelar.,Guarde as sobras refrigeradas e consuma em até 2 dias.,"Usa maçã, pasta de amendoim e canela em um lanche simples, útil para evitar improvisos entre as refeições.",As áreas de interesse são filtros editoriais de navegação e não indicam tratamento de sintomas ou doenças. Conteúdo alimentar e educacional; não substitui orientação individual de profissional de saúde.
R149,149,pera-com-iogurte-e-linhaca,Pera com iogurte e linhaça,Lanches,Intestino e digestão | Peso e saciedade | Sono e rotina noturna,5 min | econômica | sem fogão | iniciante,4,Fácil,Baixo,1,1 porção pera | 1 pote (160 a 170 g) iogurte natural | 1 colher (sopa) linhaça,Separe os ingredientes. | Pique ou amasse a fruta quando necessário. | Misture e consuma na hora.,"Troque a fruta por outra da estação. | Aveia, chia, linhaça ou amendoim podem ser alternados conforme o que houver em casa.","Para servir mais pessoas, multiplique as quantidades mantendo a mesma proporção dos ingredientes.",Não é a melhor opção para congelar.,Guarde as sobras refrigeradas e consuma em até 2 dias.,"Usa pera, iogurte natural e linhaça em um lanche simples, útil para evitar improvisos entre as refeições.",As áreas de interesse são filtros editoriais de navegação e não indicam tratamento de sintomas ou doenças. Conteúdo alimentar e educacional; não substitui orientação individual de profissional de saúde.
R150,150,manga-com-iogurte-e-aveia,Manga com iogurte e aveia,Lanches,Intestino e digestão | Peso e saciedade | Sono e rotina noturna,5 min | econômica | sem fogão | iniciante,4,Fácil,Baixo,1,1 porção manga | 1 pote (160 a 170 g) iogurte natural | 2 colheres (sopa) aveia,Separe os ingredientes. | Pique ou amasse a fruta quando necessário. | Misture e consuma na hora.,"Troque a fruta por outra da estação. | Aveia, chia, linhaça ou amendoim podem ser alternados conforme o que houver em casa.","Para servir mais pessoas, multiplique as quantidades mantendo a mesma proporção dos ingredientes.",Não é a melhor opção para congelar.,Guarde as sobras refrigeradas e consuma em até 2 dias.,"Usa manga, iogurte natural e aveia em um lanche simples, útil para evitar improvisos entre as refeições.",As áreas de interesse são filtros editoriais de navegação e não indicam tratamento de sintomas ou doenças. Conteúdo alimentar e educacional; não substitui orientação individual de profissional de saúde.
R151,151,banana-com-iogurte-e-cacau,Banana com iogurte e cacau,Lanches,Sono e rotina noturna | Energia e disposição,5 min | econômica | sem fogão | iniciante,4,Fácil,Baixo,1,1 porção banana | 1 pote (160 a 170 g) iogurte natural | 1 colher (chá) cacau em pó,Separe os ingredientes. | Pique ou amasse a fruta quando necessário. | Misture e consuma na hora.,"Troque a fruta por outra da estação. | Aveia, chia, linhaça ou amendoim podem ser alternados conforme o que houver em casa.","Para servir mais pessoas, multiplique as quantidades mantendo a mesma proporção dos ingredientes.",Não é a melhor opção para congelar.,Guarde as sobras refrigeradas e consuma em até 2 dias.,"Usa banana, iogurte natural e cacau em pó em um lanche simples, útil para evitar improvisos entre as refeições.",As áreas de interesse são filtros editoriais de navegação e não indicam tratamento de sintomas ou doenças. Conteúdo alimentar e educacional; não substitui orientação individual de profissional de saúde.
R152,152,mamao-com-aveia-e-linhaca,Mamão com aveia e linhaça,Lanches,Sono e rotina noturna | Intestino e digestão,5 min | econômica | sem fogão | iniciante,4,Fácil,Baixo,1,1 porção mamão | 2 colheres (sopa) aveia | 1 colher (sopa) linhaça,Separe os ingredientes. | Pique ou amasse a fruta quando necessário. | Misture e consuma na hora.,"Troque a fruta por outra da estação. | Aveia, chia, linhaça ou amendoim podem ser alternados conforme o que houver em casa.","Para servir mais pessoas, multiplique as quantidades mantendo a mesma proporção dos ingredientes.",Não é a melhor opção para congelar.,Guarde as sobras refrigeradas e consuma em até 2 dias.,"Usa mamão, aveia e linhaça em um lanche simples, útil para evitar improvisos entre as refeições.",As áreas de interesse são filtros editoriais de navegação e não indicam tratamento de sintomas ou doenças. Conteúdo alimentar e educacional; não substitui orientação individual de profissional de saúde.
R153,153,maca-picada-com-aveia-e-iogurte,Maçã picada com aveia e iogurte,Lanches,Intestino e digestão | Peso e saciedade | Sono e rotina noturna,5 min | econômica | sem fogão | iniciante,4,Fácil,Baixo,1,1 porção maçã | 2 colheres (sopa) aveia | 1 pote (160 a 170 g) iogurte natural,Separe os ingredientes. | Pique ou amasse a fruta quando necessário. | Misture e consuma na hora.,"Troque a fruta por outra da estação. | Aveia, chia, linhaça ou amendoim podem ser alternados conforme o que houver em casa.","Para servir mais pessoas, multiplique as quantidades mantendo a mesma proporção dos ingredientes.",Não é a melhor opção para congelar.,Guarde as sobras refrigeradas e consuma em até 2 dias.,"Usa maçã, aveia e iogurte natural em um lanche simples, útil para evitar improvisos entre as refeições.",As áreas de interesse são filtros editoriais de navegação e não indicam tratamento de sintomas ou doenças. Conteúdo alimentar e educacional; não substitui orientação individual de profissional de saúde.
R154,154,pera-com-amendoim-e-canela,Pera com amendoim e canela,Lanches,Energia e disposição,5 min | econômica | sem fogão | iniciante,4,Fácil,Baixo,1,1 porção pera | 1 porção pequena amendoim | 1 pitada canela,Separe os ingredientes. | Pique ou amasse a fruta quando necessário. | Misture e consuma na hora.,"Troque a fruta por outra da estação. | Aveia, chia, linhaça ou amendoim podem ser alternados conforme o que houver em casa.","Para servir mais pessoas, multiplique as quantidades mantendo a mesma proporção dos ingredientes.",Não é a melhor opção para congelar.,Guarde as sobras refrigeradas e consuma em até 2 dias.,"Usa pera, amendoim e canela em um lanche simples, útil para evitar improvisos entre as refeições.",As áreas de interesse são filtros editoriais de navegação e não indicam tratamento de sintomas ou doenças. Conteúdo alimentar e educacional; não substitui orientação individual de profissional de saúde.
R155,155,banana-congelada-amassada-com-cacau,Banana congelada amassada com cacau,Lanches,Sono e rotina noturna | Energia e disposição,5 min | econômica | sem fogão | iniciante,4,Fácil,Baixo,1,1 porção banana congelada | 1 porção pequena cacau em pó | 1 colher (sopa) amendoim,Separe os ingredientes. | Pique ou amasse a fruta quando necessário. | Misture e consuma na hora.,"Troque a fruta por outra da estação. | Aveia, chia, linhaça ou amendoim podem ser alternados conforme o que houver em casa.","Para servir mais pessoas, multiplique as quantidades mantendo a mesma proporção dos ingredientes.",Não é a melhor opção para congelar.,Guarde as sobras refrigeradas e consuma em até 2 dias.,"Usa banana congelada, cacau em pó e amendoim em um lanche simples, útil para evitar improvisos entre as refeições.",As áreas de interesse são filtros editoriais de navegação e não indicam tratamento de sintomas ou doenças. Conteúdo alimentar e educacional; não substitui orientação individual de profissional de saúde.
R156,156,pao-com-ovo-amassado-e-tomate,Pão com ovo amassado e tomate,Lanches,Memória e concentração,até 10 min | econômica | iniciante,8,Fácil,Baixo,1,1 porção pão integral | 1 unidade ovo cozido | 1 unidade média tomate,"Separe a base e o recheio. | Monte ou aqueça rapidamente, conforme necessário. | Sirva na hora.","Use pão, torrada, cuscuz ou tapioca como base, conforme o que já tiver em casa. | Troque o recheio por uma opção equivalente disponível.","Para servir mais pessoas, multiplique as quantidades mantendo a mesma proporção dos ingredientes.",Não é a melhor opção para congelar.,Guarde as sobras refrigeradas e consuma em até 2 dias.,"Usa pão integral, ovo cozido e tomate em um lanche simples, útil para evitar improvisos entre as refeições.",As áreas de interesse são filtros editoriais de navegação e não indicam tratamento de sintomas ou doenças. Conteúdo alimentar e educacional; não substitui orientação individual de profissional de saúde.
R157,157,pao-com-sardinha-e-cenoura-ralada,Pão com sardinha e cenoura ralada,Lanches,Dores e incômodos físicos | Circulação | Memória e concentração,até 10 min | econômica | iniciante,8,Fácil,Baixo,1,1 porção pão integral | 1 lata pequena escorrida sardinha | 1 unidade pequena cenoura,"Separe a base e o recheio. | Monte ou aqueça rapidamente, conforme necessário. | Sirva na hora.","Use pão, torrada, cuscuz ou tapioca como base, conforme o que já tiver em casa. | Troque o recheio por uma opção equivalente disponível.","Para servir mais pessoas, multiplique as quantidades mantendo a mesma proporção dos ingredientes.",Não é a melhor opção para congelar.,Guarde as sobras refrigeradas e consuma em até 2 dias.,"Usa pão integral, sardinha e cenoura em um lanche simples, útil para evitar improvisos entre as refeições.",As áreas de interesse são filtros editoriais de navegação e não indicam tratamento de sintomas ou doenças. Conteúdo alimentar e educacional; não substitui orientação individual de profissional de saúde.
R158,158,pao-com-frango-e-tomate,Pão com frango e tomate,Lanches,Energia e disposição,até 10 min | econômica | iniciante,8,Fácil,Baixo,1,1 porção pão integral | 1/2 xícara frango desfiado | 1 unidade média tomate,"Separe a base e o recheio. | Monte ou aqueça rapidamente, conforme necessário. | Sirva na hora.","Use pão, torrada, cuscuz ou tapioca como base, conforme o que já tiver em casa. | Troque o recheio por uma opção equivalente disponível.","Para servir mais pessoas, multiplique as quantidades mantendo a mesma proporção dos ingredientes.",Não é a melhor opção para congelar.,Guarde as sobras refrigeradas e consuma em até 2 dias.,"Usa pão integral, frango desfiado e tomate em um lanche simples, útil para evitar improvisos entre as refeições.",As áreas de interesse são filtros editoriais de navegação e não indicam tratamento de sintomas ou doenças. Conteúdo alimentar e educacional; não substitui orientação individual de profissional de saúde.
R159,159,tapioca-pequena-com-queijo-branco,Tapioca pequena com queijo branco,Lanches,Energia e disposição,até 10 min | iniciante,8,Fácil,Médio,1,2 fatias finas queijo branco | 1 pitada orégano,"Separe a base e o recheio. | Monte ou aqueça rapidamente, conforme necessário. | Sirva na hora.","Use pão, torrada, cuscuz ou tapioca como base, conforme o que já tiver em casa. | Troque o recheio por uma opção equivalente disponível.","Para servir mais pessoas, multiplique as quantidades mantendo a mesma proporção dos ingredientes.",Não é a melhor opção para congelar.,Guarde as sobras refrigeradas e consuma em até 2 dias.,"Usa queijo branco e orégano em um lanche simples, útil para evitar improvisos entre as refeições.",As áreas de interesse são filtros editoriais de navegação e não indicam tratamento de sintomas ou doenças. Conteúdo alimentar e educacional; não substitui orientação individual de profissional de saúde.
R160,160,cuscuz-pequeno-com-ovo-mexido,Cuscuz pequeno com ovo mexido,Lanches,Memória e concentração | Energia e disposição,até 10 min | econômica | iniciante,8,Fácil,Baixo,1,1 unidade ovo | 2 colheres (sopa) cheiro-verde | 1 xícara cuscuz de milho pronto,"Separe a base e o recheio. | Monte ou aqueça rapidamente, conforme necessário. | Sirva na hora.","Use pão, torrada, cuscuz ou tapioca como base, conforme o que já tiver em casa. | Troque o recheio por uma opção equivalente disponível.","Para servir mais pessoas, multiplique as quantidades mantendo a mesma proporção dos ingredientes.",Não é a melhor opção para congelar.,Guarde as sobras refrigeradas e consuma em até 2 dias.,"Usa ovo, cheiro-verde e cuscuz de milho pronto em um lanche simples, útil para evitar improvisos entre as refeições.",As áreas de interesse são filtros editoriais de navegação e não indicam tratamento de sintomas ou doenças. Conteúdo alimentar e educacional; não substitui orientação individual de profissional de saúde.
R161,161,torrada-com-pasta-de-grao-de-bico,Torrada com pasta de grão-de-bico,Lanches,Intestino e digestão | Peso e saciedade | Circulação,até 10 min | econômica | iniciante,8,Fácil,Baixo,1,1 porção torradas | 3 colheres (sopa) pasta de grão-de-bico | 1 unidade pequena cenoura,"Separe a base e o recheio. | Monte ou aqueça rapidamente, conforme necessário. | Sirva na hora.","Use pão, torrada, cuscuz ou tapioca como base, conforme o que já tiver em casa. | Troque o recheio por uma opção equivalente disponível.","Para servir mais pessoas, multiplique as quantidades mantendo a mesma proporção dos ingredientes.",Não é a melhor opção para congelar.,Guarde as sobras refrigeradas e consuma em até 2 dias.,"Usa torradas, pasta de grão-de-bico e cenoura em um lanche simples, útil para evitar improvisos entre as refeições.",As áreas de interesse são filtros editoriais de navegação e não indicam tratamento de sintomas ou doenças. Conteúdo alimentar e educacional; não substitui orientação individual de profissional de saúde.
R162,162,torrada-com-ricota-e-tomate,Torrada com ricota e tomate,Lanches,Energia e disposição,até 10 min | iniciante,8,Fácil,Médio,1,1 porção torradas | 3 colheres (sopa) ricota | 1 unidade média tomate,"Separe a base e o recheio. | Monte ou aqueça rapidamente, conforme necessário. | Sirva na hora.","Use pão, torrada, cuscuz ou tapioca como base, conforme o que já tiver em casa. | Troque o recheio por uma opção equivalente disponível.","Para servir mais pessoas, multiplique as quantidades mantendo a mesma proporção dos ingredientes.",Não é a melhor opção para congelar.,Guarde as sobras refrigeradas e consuma em até 2 dias.,"Usa torradas, ricota e tomate em um lanche simples, útil para evitar improvisos entre as refeições.",As áreas de interesse são filtros editoriais de navegação e não indicam tratamento de sintomas ou doenças. Conteúdo alimentar e educacional; não substitui orientação individual de profissional de saúde.
R163,163,mini-sanduiche-de-atum-e-cenoura,Mini sanduíche de atum e cenoura,Lanches,Dores e incômodos físicos | Circulação | Memória e concentração,até 10 min | iniciante,8,Fácil,Médio,1,1 porção pão integral | 1/2 lata escorrida atum | 1 unidade pequena cenoura,"Separe a base e o recheio. | Monte ou aqueça rapidamente, conforme necessário. | Sirva na hora.","Use pão, torrada, cuscuz ou tapioca como base, conforme o que já tiver em casa. | Troque o recheio por uma opção equivalente disponível.","Para servir mais pessoas, multiplique as quantidades mantendo a mesma proporção dos ingredientes.",Não é a melhor opção para congelar.,Guarde as sobras refrigeradas e consuma em até 2 dias.,"Usa pão integral, atum e cenoura em um lanche simples, útil para evitar improvisos entre as refeições.",As áreas de interesse são filtros editoriais de navegação e não indicam tratamento de sintomas ou doenças. Conteúdo alimentar e educacional; não substitui orientação individual de profissional de saúde.
R164,164,ovo-cozido-com-tomate-e-azeite,Ovo cozido com tomate e azeite,Lanches,Memória e concentração,até 10 min | econômica | iniciante,8,Fácil,Baixo,1,1 unidade ovo cozido | 1 unidade média tomate,"Separe a base e o recheio. | Monte ou aqueça rapidamente, conforme necessário. | Sirva na hora.","Use pão, torrada, cuscuz ou tapioca como base, conforme o que já tiver em casa. | Troque o recheio por uma opção equivalente disponível.","Para servir mais pessoas, multiplique as quantidades mantendo a mesma proporção dos ingredientes.",Não é a melhor opção para congelar.,Guarde as sobras refrigeradas e consuma em até 2 dias.,"Usa ovo cozido e tomate em um lanche simples, útil para evitar improvisos entre as refeições.",As áreas de interesse são filtros editoriais de navegação e não indicam tratamento de sintomas ou doenças. Conteúdo alimentar e educacional; não substitui orientação individual de profissional de saúde.
R165,165,milho-cozido-com-queijo-branco-e-cheiro-verde,Milho cozido com queijo branco e cheiro-verde,Lanches,Energia e disposição,até 10 min | iniciante,8,Fácil,Médio,1,1 porção milho cozido | 2 fatias finas queijo branco | 2 colheres (sopa) cheiro-verde,"Separe a base e o recheio. | Monte ou aqueça rapidamente, conforme necessário. | Sirva na hora.","Use pão, torrada, cuscuz ou tapioca como base, conforme o que já tiver em casa. | Troque o recheio por uma opção equivalente disponível.","Para servir mais pessoas, multiplique as quantidades mantendo a mesma proporção dos ingredientes.",Não é a melhor opção para congelar.,Guarde as sobras refrigeradas e consuma em até 2 dias.,"Usa milho cozido, queijo branco e cheiro-verde em um lanche simples, útil para evitar improvisos entre as refeições.",As áreas de interesse são filtros editoriais de navegação e não indicam tratamento de sintomas ou doenças. Conteúdo alimentar e educacional; não substitui orientação individual de profissional de saúde.
R166,166,bolinho-de-banana-e-aveia-de-frigideira,Bolinho de banana e aveia de frigideira,Lanches,Intestino e digestão | Peso e saciedade | Memória e concentração,até 20 min | econômica | família | freezer | uma panela só | iniciante,12,Fácil,Baixo,2,1 porção banana | 2 colheres (sopa) aveia | 1 unidade ovo | a gosto canela ou ervas,Amasse ou misture todos os ingredientes até formar uma massa. | Modele ou despeje em frigideira/forminhas. | Cozinhe até firmar e dourar.,"Troque a fruta por outra da estação. | Aveia, chia, linhaça ou amendoim podem ser alternados conforme o que houver em casa.","A receita pode ser multiplicada para a casa toda. Sirva a mesma base e deixe acompanhamentos ou temperos extras à mesa, sem cozinhar uma refeição separada.",Pode congelar por até 20 dias depois de pronto.,Guarde as sobras refrigeradas e consuma em até 2 dias.,"Usa banana, aveia e ovo em um lanche simples, útil para evitar improvisos entre as refeições.",As áreas de interesse são filtros editoriais de navegação e não indicam tratamento de sintomas ou doenças. Conteúdo alimentar e educacional; não substitui orientação individual de profissional de saúde.
R167,167,bolinho-de-maca-e-aveia-de-frigideira,Bolinho de maçã e aveia de frigideira,Lanches,Intestino e digestão | Peso e saciedade | Memória e concentração,até 20 min | econômica | família | freezer | uma panela só | iniciante,12,Fácil,Baixo,2,1 porção maçã | 2 colheres (sopa) aveia | 1 unidade ovo | a gosto canela ou ervas,Amasse ou misture todos os ingredientes até formar uma massa. | Modele ou despeje em frigideira/forminhas. | Cozinhe até firmar e dourar.,"Troque a fruta por outra da estação. | Aveia, chia, linhaça ou amendoim podem ser alternados conforme o que houver em casa.","A receita pode ser multiplicada para a casa toda. Sirva a mesma base e deixe acompanhamentos ou temperos extras à mesa, sem cozinhar uma refeição separada.",Pode congelar por até 20 dias depois de pronto.,Guarde as sobras refrigeradas e consuma em até 2 dias.,"Usa maçã, aveia e ovo em um lanche simples, útil para evitar improvisos entre as refeições.",As áreas de interesse são filtros editoriais de navegação e não indicam tratamento de sintomas ou doenças. Conteúdo alimentar e educacional; não substitui orientação individual de profissional de saúde.
R168,168,panquequinha-de-banana-ovo-e-canela,"Panquequinha de banana, ovo e canela",Lanches,Memória e concentração | Sono e rotina noturna | Energia e disposição,até 20 min | econômica | família | freezer | iniciante,12,Fácil,Baixo,2,1 porção banana | 1 unidade ovo | a gosto canela ou ervas,Amasse ou misture todos os ingredientes até formar uma massa. | Modele ou despeje em frigideira/forminhas. | Cozinhe até firmar e dourar.,"Troque a fruta por outra da estação. | Aveia, chia, linhaça ou amendoim podem ser alternados conforme o que houver em casa.","A receita pode ser multiplicada para a casa toda. Sirva a mesma base e deixe acompanhamentos ou temperos extras à mesa, sem cozinhar uma refeição separada.",Pode congelar por até 20 dias depois de pronto.,Guarde as sobras refrigeradas e consuma em até 2 dias.,"Usa banana, ovo e canela ou ervas em um lanche simples, útil para evitar improvisos entre as refeições.",As áreas de interesse são filtros editoriais de navegação e não indicam tratamento de sintomas ou doenças. Conteúdo alimentar e educacional; não substitui orientação individual de profissional de saúde.
R169,169,panquequinha-de-aveia-com-cenoura-e-queijo,Panquequinha de aveia com cenoura e queijo,Lanches,Intestino e digestão | Peso e saciedade | Memória e concentração,até 20 min | família | freezer | iniciante,12,Fácil,Médio,2,2 colheres (sopa) aveia em flocos finos | 3 colheres (sopa) cenoura ralada | 1 unidade ovo | 2 colheres (sopa) queijo branco ralado ou picado | a gosto orégano,"Misture o ovo, a aveia, a cenoura e o queijo até formar uma massa úmida. | Aqueça uma frigideira antiaderente em fogo baixo e coloque a massa. | Cozinhe por 2 a 3 minutos de cada lado, até firmar e dourar.","Use pão, torrada, cuscuz ou tapioca como base, conforme o que já tiver em casa. | Troque o recheio por uma opção equivalente disponível.","A receita pode ser multiplicada para a casa toda. Sirva a mesma base e deixe acompanhamentos ou temperos extras à mesa, sem cozinhar uma refeição separada.",Pode congelar por até 20 dias depois de pronto.,Guarde as sobras refrigeradas e consuma em até 2 dias.,"Usa aveia em flocos finos, cenoura ralada e ovo em um lanche simples, útil para evitar improvisos entre as refeições.",As áreas de interesse são filtros editoriais de navegação e não indicam tratamento de sintomas ou doenças. Conteúdo alimentar e educacional; não substitui orientação individual de profissional de saúde.
R170,170,muffin-simples-de-banana-e-aveia,Muffin simples de banana e aveia,Lanches,Intestino e digestão | Peso e saciedade | Memória e concentração,até 35 min | econômica | família | freezer | iniciante,25,Fácil,Baixo,2,1 porção banana | 2 colheres (sopa) aveia | 1 unidade ovo | a gosto canela ou ervas,"Amasse a banana e misture com o ovo, a aveia e a canela. | Distribua em 2 a 3 forminhas pequenas untadas. | Asse a 180 °C por cerca de 15 minutos, até firmar.","Troque a fruta por outra da estação. | Aveia, chia, linhaça ou amendoim podem ser alternados conforme o que houver em casa.","A receita pode ser multiplicada para a casa toda. Sirva a mesma base e deixe acompanhamentos ou temperos extras à mesa, sem cozinhar uma refeição separada.",Pode congelar por até 20 dias depois de pronto.,Guarde as sobras refrigeradas e consuma em até 2 dias.,"Usa banana, aveia e ovo em um lanche simples, útil para evitar improvisos entre as refeições.",As áreas de interesse são filtros editoriais de navegação e não indicam tratamento de sintomas ou doenças. Conteúdo alimentar e educacional; não substitui orientação individual de profissional de saúde.
R171,171,muffin-de-maca-aveia-e-canela,"Muffin de maçã, aveia e canela",Lanches,Intestino e digestão | Peso e saciedade | Memória e concentração,até 35 min | econômica | família | freezer | iniciante,25,Fácil,Baixo,2,1 porção maçã | 2 colheres (sopa) aveia | 1 unidade ovo | a gosto canela ou ervas,"Rale ou pique bem a maçã e misture com o ovo, a aveia e a canela. | Distribua em 2 a 3 forminhas pequenas untadas. | Asse a 180 °C por cerca de 15 minutos, até firmar.","Troque a fruta por outra da estação. | Aveia, chia, linhaça ou amendoim podem ser alternados conforme o que houver em casa.","A receita pode ser multiplicada para a casa toda. Sirva a mesma base e deixe acompanhamentos ou temperos extras à mesa, sem cozinhar uma refeição separada.",Pode congelar por até 20 dias depois de pronto.,Guarde as sobras refrigeradas e consuma em até 2 dias.,"Usa maçã, aveia e ovo em um lanche simples, útil para evitar improvisos entre as refeições.",As áreas de interesse são filtros editoriais de navegação e não indicam tratamento de sintomas ou doenças. Conteúdo alimentar e educacional; não substitui orientação individual de profissional de saúde.
R172,172,bolinho-salgado-de-ovo-cenoura-e-aveia,"Bolinho salgado de ovo, cenoura e aveia",Lanches,Intestino e digestão | Peso e saciedade | Memória e concentração,até 35 min | econômica | família | freezer | iniciante,25,Fácil,Baixo,2,1 unidade ovo | 3 colheres (sopa) cenoura ralada | 2 colheres (sopa) aveia em flocos finos | a gosto cheiro-verde ou orégano,Misture todos os ingredientes até formar uma massa úmida. | Faça pequenos montinhos em frigideira antiaderente levemente untada. | Cozinhe em fogo baixo dos dois lados até firmar e dourar.,"Use pão, torrada, cuscuz ou tapioca como base, conforme o que já tiver em casa. | Troque o recheio por uma opção equivalente disponível.","A receita pode ser multiplicada para a casa toda. Sirva a mesma base e deixe acompanhamentos ou temperos extras à mesa, sem cozinhar uma refeição separada.",Pode congelar por até 20 dias depois de pronto.,Guarde as sobras refrigeradas e consuma em até 2 dias.,"Usa ovo, cenoura ralada e aveia em flocos finos em um lanche simples, útil para evitar improvisos entre as refeições.",As áreas de interesse são filtros editoriais de navegação e não indicam tratamento de sintomas ou doenças. Conteúdo alimentar e educacional; não substitui orientação individual de profissional de saúde.
R173,173,bolinho-salgado-de-frango-e-aveia,Bolinho salgado de frango e aveia,Lanches,Peso e saciedade | Memória e concentração | Sono e rotina noturna,até 35 min | econômica | família | freezer | iniciante,25,Fácil,Baixo,2,1/2 xícara frango desfiado | 2 colheres (sopa) aveia | 1 unidade ovo | a gosto canela ou ervas,"Misture o frango, o ovo, a aveia e as ervas até formar uma massa moldável. | Modele pequenos bolinhos e disponha em frigideira antiaderente. | Doure em fogo baixo dos dois lados até aquecer por completo.","Use pão, torrada, cuscuz ou tapioca como base, conforme o que já tiver em casa. | Troque o recheio por uma opção equivalente disponível.","A receita pode ser multiplicada para a casa toda. Sirva a mesma base e deixe acompanhamentos ou temperos extras à mesa, sem cozinhar uma refeição separada.",Pode congelar por até 20 dias depois de pronto.,Guarde as sobras refrigeradas e consuma em até 2 dias.,"Usa frango desfiado, aveia e ovo em um lanche simples, útil para evitar improvisos entre as refeições.",As áreas de interesse são filtros editoriais de navegação e não indicam tratamento de sintomas ou doenças. Conteúdo alimentar e educacional; não substitui orientação individual de profissional de saúde.
R174,174,bolinho-de-abobora-com-aveia-e-queijo,Bolinho de abóbora com aveia e queijo,Lanches,Intestino e digestão | Peso e saciedade | Memória e concentração,até 35 min | família | freezer | iniciante,25,Fácil,Médio,2,1/2 xícara abóbora cozida e amassada | 2 colheres (sopa) aveia em flocos finos | 1 unidade ovo | 2 colheres (sopa) queijo branco ralado ou picado | a gosto orégano,"Misture a abóbora, a aveia, o ovo, o queijo e o orégano. | Faça pequenos bolinhos e coloque em frigideira antiaderente levemente untada. | Doure em fogo baixo dos dois lados até firmar.","Use pão, torrada, cuscuz ou tapioca como base, conforme o que já tiver em casa. | Troque o recheio por uma opção equivalente disponível.","A receita pode ser multiplicada para a casa toda. Sirva a mesma base e deixe acompanhamentos ou temperos extras à mesa, sem cozinhar uma refeição separada.",Pode congelar por até 20 dias depois de pronto.,Guarde as sobras refrigeradas e consuma em até 2 dias.,"Usa abóbora cozida e amassada, aveia em flocos finos e ovo em um lanche simples, útil para evitar improvisos entre as refeições.",As áreas de interesse são filtros editoriais de navegação e não indicam tratamento de sintomas ou doenças. Conteúdo alimentar e educacional; não substitui orientação individual de profissional de saúde.
R175,175,panquequinha-de-cacau-banana-e-aveia,"Panquequinha de cacau, banana e aveia",Lanches,Memória e concentração | Intestino e digestão | Peso e saciedade,até 20 min | econômica | família | freezer | iniciante,12,Fácil,Baixo,2,1 unidade pequena banana madura | 2 colheres (sopa) aveia em flocos finos | 1 unidade ovo | 1 colher (chá) cacau em pó | 1 pitada canela,"Amasse a banana e misture com o ovo, a aveia, o cacau e a canela. | Despeje a massa em frigideira antiaderente aquecida em fogo baixo. | Cozinhe dos dois lados até firmar.","Troque a fruta por outra da estação. | Aveia, chia, linhaça ou amendoim podem ser alternados conforme o que houver em casa.","A receita pode ser multiplicada para a casa toda. Sirva a mesma base e deixe acompanhamentos ou temperos extras à mesa, sem cozinhar uma refeição separada.",Pode congelar por até 20 dias depois de pronto.,Guarde as sobras refrigeradas e consuma em até 2 dias.,"Usa banana madura, aveia em flocos finos e ovo em um lanche simples, útil para evitar improvisos entre as refeições.",As áreas de interesse são filtros editoriais de navegação e não indicam tratamento de sintomas ou doenças. Conteúdo alimentar e educacional; não substitui orientação individual de profissional de saúde.
R176,176,pasta-rapida-de-grao-de-bico-e-limao,Pasta rápida de grão-de-bico e limão,Lanches,Circulação | Intestino e digestão,até 10 min | econômica | sem fogão | família | iniciante,7,Fácil,Baixo,3,1 xícara cozido grão-de-bico | 1 unidade limão | 1 colher (chá) azeite | a gosto ervas,"Amasse ou pique os ingredientes principais. | Misture com azeite e ervas até ficar cremoso ou bem incorporado. | Sirva com pão, torrada, cuscuz ou legumes.","Use pão, torrada, cuscuz ou tapioca como base, conforme o que já tiver em casa. | Troque o recheio por uma opção equivalente disponível.","A receita pode ser multiplicada para a casa toda. Sirva a mesma base e deixe acompanhamentos ou temperos extras à mesa, sem cozinhar uma refeição separada.",Prefira consumir fresco; algumas pastas sem iogurte podem ser congeladas por até 15 dias.,Guarde as sobras refrigeradas e consuma em até 2 dias.,"Usa grão-de-bico, limão e azeite em um lanche simples, útil para evitar improvisos entre as refeições.",As áreas de interesse são filtros editoriais de navegação e não indicam tratamento de sintomas ou doenças. Conteúdo alimentar e educacional; não substitui orientação individual de profissional de saúde.
R177,177,pasta-de-sardinha-com-iogurte-e-cheiro-verde,Pasta de sardinha com iogurte e cheiro-verde,Lanches,Circulação | Dores e incômodos físicos | Memória e concentração,até 10 min | econômica | sem fogão | família | iniciante,7,Fácil,Baixo,3,1 lata pequena escorrida sardinha | 2 colheres (sopa) iogurte natural | 2 colheres (sopa) cheiro-verde | 1 colher (chá) limão,"Amasse ou pique os ingredientes principais. | Misture com azeite e ervas até ficar cremoso ou bem incorporado. | Sirva com pão, torrada, cuscuz ou legumes.","Use pão, torrada, cuscuz ou tapioca como base, conforme o que já tiver em casa. | Troque o recheio por uma opção equivalente disponível.","A receita pode ser multiplicada para a casa toda. Sirva a mesma base e deixe acompanhamentos ou temperos extras à mesa, sem cozinhar uma refeição separada.",Prefira consumir fresco; algumas pastas sem iogurte podem ser congeladas por até 15 dias.,Guarde as sobras refrigeradas e consuma em até 2 dias.,"Usa sardinha, iogurte natural e cheiro-verde em um lanche simples, útil para evitar improvisos entre as refeições.",As áreas de interesse são filtros editoriais de navegação e não indicam tratamento de sintomas ou doenças. Conteúdo alimentar e educacional; não substitui orientação individual de profissional de saúde.
R178,178,pasta-de-atum-com-cenoura-e-iogurte,Pasta de atum com cenoura e iogurte,Lanches,Dores e incômodos físicos | Circulação | Memória e concentração,até 10 min | sem fogão | família | iniciante,7,Fácil,Médio,3,1/2 lata escorrida atum | 3 colheres (sopa) cenoura ralada | 2 colheres (sopa) iogurte natural | a gosto ervas,"Amasse ou pique os ingredientes principais. | Misture com azeite e ervas até ficar cremoso ou bem incorporado. | Sirva com pão, torrada, cuscuz ou legumes.","Use pão, torrada, cuscuz ou tapioca como base, conforme o que já tiver em casa. | Troque o recheio por uma opção equivalente disponível.","A receita pode ser multiplicada para a casa toda. Sirva a mesma base e deixe acompanhamentos ou temperos extras à mesa, sem cozinhar uma refeição separada.",Prefira consumir fresco; algumas pastas sem iogurte podem ser congeladas por até 15 dias.,Guarde as sobras refrigeradas e consuma em até 2 dias.,"Usa atum, cenoura ralada e iogurte natural em um lanche simples, útil para evitar improvisos entre as refeições.",As áreas de interesse são filtros editoriais de navegação e não indicam tratamento de sintomas ou doenças. Conteúdo alimentar e educacional; não substitui orientação individual de profissional de saúde.
R179,179,pasta-de-frango-com-cenoura-e-iogurte,Pasta de frango com cenoura e iogurte,Lanches,Peso e saciedade | Sono e rotina noturna,até 10 min | econômica | sem fogão | família | iniciante,7,Fácil,Baixo,3,1/2 xícara frango desfiado | 3 colheres (sopa) cenoura ralada | 2 colheres (sopa) iogurte natural | a gosto ervas,"Amasse ou pique os ingredientes principais. | Misture com azeite e ervas até ficar cremoso ou bem incorporado. | Sirva com pão, torrada, cuscuz ou legumes.","Use pão, torrada, cuscuz ou tapioca como base, conforme o que já tiver em casa. | Troque o recheio por uma opção equivalente disponível.","A receita pode ser multiplicada para a casa toda. Sirva a mesma base e deixe acompanhamentos ou temperos extras à mesa, sem cozinhar uma refeição separada.",Prefira consumir fresco; algumas pastas sem iogurte podem ser congeladas por até 15 dias.,Guarde as sobras refrigeradas e consuma em até 2 dias.,"Usa frango desfiado, cenoura ralada e iogurte natural em um lanche simples, útil para evitar improvisos entre as refeições.",As áreas de interesse são filtros editoriais de navegação e não indicam tratamento de sintomas ou doenças. Conteúdo alimentar e educacional; não substitui orientação individual de profissional de saúde.
R180,180,ricota-temperada-com-tomate-e-ervas,Ricota temperada com tomate e ervas,Lanches,Energia e disposição,até 10 min | sem fogão | família | iniciante,7,Fácil,Médio,3,3 colheres (sopa) ricota | 1 unidade média tomate | 1 colher (chá) azeite | a gosto ervas,"Amasse ou pique os ingredientes principais. | Misture com azeite e ervas até ficar cremoso ou bem incorporado. | Sirva com pão, torrada, cuscuz ou legumes.","Troque a fruta por outra da estação. | Aveia, chia, linhaça ou amendoim podem ser alternados conforme o que houver em casa.","A receita pode ser multiplicada para a casa toda. Sirva a mesma base e deixe acompanhamentos ou temperos extras à mesa, sem cozinhar uma refeição separada.",Prefira consumir fresco; algumas pastas sem iogurte podem ser congeladas por até 15 dias.,Guarde as sobras refrigeradas e consuma em até 2 dias.,"Usa ricota, tomate e azeite em um lanche simples, útil para evitar improvisos entre as refeições.",As áreas de interesse são filtros editoriais de navegação e não indicam tratamento de sintomas ou doenças. Conteúdo alimentar e educacional; não substitui orientação individual de profissional de saúde.
R181,181,pasta-de-feijao-branco-com-limao-e-alho,Pasta de feijão-branco com limão e alho,Lanches,Circulação | Intestino e digestão,até 10 min | econômica | sem fogão | família | iniciante,7,Fácil,Baixo,3,1 xícara cozido feijão-branco | 1 unidade limão | 1 colher (chá) azeite | a gosto ervas,"Amasse ou pique os ingredientes principais. | Misture com azeite e ervas até ficar cremoso ou bem incorporado. | Sirva com pão, torrada, cuscuz ou legumes.","Use pão, torrada, cuscuz ou tapioca como base, conforme o que já tiver em casa. | Troque o recheio por uma opção equivalente disponível.","A receita pode ser multiplicada para a casa toda. Sirva a mesma base e deixe acompanhamentos ou temperos extras à mesa, sem cozinhar uma refeição separada.",Prefira consumir fresco; algumas pastas sem iogurte podem ser congeladas por até 15 dias.,Guarde as sobras refrigeradas e consuma em até 2 dias.,"Usa feijão-branco, limão e azeite em um lanche simples, útil para evitar improvisos entre as refeições.",As áreas de interesse são filtros editoriais de navegação e não indicam tratamento de sintomas ou doenças. Conteúdo alimentar e educacional; não substitui orientação individual de profissional de saúde.
R182,182,creme-de-abobora-com-ricota-para-torradas,Creme de abóbora com ricota para torradas,Lanches,Peso e saciedade,até 10 min | sem fogão | família | iniciante,7,Fácil,Médio,3,1 xícara abóbora cozida | 3 colheres (sopa) ricota | 1 colher (chá) azeite | a gosto ervas,"Amasse ou pique os ingredientes principais. | Misture com azeite e ervas até ficar cremoso ou bem incorporado. | Sirva com pão, torrada, cuscuz ou legumes.","Use pão, torrada, cuscuz ou tapioca como base, conforme o que já tiver em casa. | Troque o recheio por uma opção equivalente disponível.","A receita pode ser multiplicada para a casa toda. Sirva a mesma base e deixe acompanhamentos ou temperos extras à mesa, sem cozinhar uma refeição separada.",Prefira consumir fresco; algumas pastas sem iogurte podem ser congeladas por até 15 dias.,Guarde as sobras refrigeradas e consuma em até 2 dias.,"Usa abóbora cozida, ricota e azeite em um lanche simples, útil para evitar improvisos entre as refeições.",As áreas de interesse são filtros editoriais de navegação e não indicam tratamento de sintomas ou doenças. Conteúdo alimentar e educacional; não substitui orientação individual de profissional de saúde.
R183,183,pasta-de-ovo-com-iogurte-e-cheiro-verde,Pasta de ovo com iogurte e cheiro-verde,Lanches,Memória e concentração | Sono e rotina noturna,até 10 min | econômica | sem fogão | família | iniciante,7,Fácil,Baixo,3,1 unidade ovo cozido | 1 colher (sopa) iogurte natural | 1 colher (sopa) cheiro-verde | a gosto sal e pimenta,"Amasse ou pique os ingredientes principais. | Misture com azeite e ervas até ficar cremoso ou bem incorporado. | Sirva com pão, torrada, cuscuz ou legumes.","Use pão, torrada, cuscuz ou tapioca como base, conforme o que já tiver em casa. | Troque o recheio por uma opção equivalente disponível.","A receita pode ser multiplicada para a casa toda. Sirva a mesma base e deixe acompanhamentos ou temperos extras à mesa, sem cozinhar uma refeição separada.",Prefira consumir fresco; algumas pastas sem iogurte podem ser congeladas por até 15 dias.,Guarde as sobras refrigeradas e consuma em até 2 dias.,"Usa ovo cozido, iogurte natural e cheiro-verde em um lanche simples, útil para evitar improvisos entre as refeições.",As áreas de interesse são filtros editoriais de navegação e não indicam tratamento de sintomas ou doenças. Conteúdo alimentar e educacional; não substitui orientação individual de profissional de saúde.
R184,184,vinagrete-de-feijao-fradinho-para-lanche,Vinagrete de feijão-fradinho para lanche,Lanches,Circulação | Intestino e digestão,até 10 min | econômica | sem fogão | família | iniciante,7,Fácil,Baixo,3,1 xícara cozido feijão-fradinho | 1 unidade média tomate | 1 colher (chá) azeite | a gosto ervas,"Misture o feijão-fradinho já cozido com tomate picado, cebola e ervas. | Tempere com azeite e limão. | Sirva frio ou em temperatura ambiente com torradas, pão ou cuscuz.","Use pão, torrada, cuscuz ou tapioca como base, conforme o que já tiver em casa. | Troque o recheio por uma opção equivalente disponível.","A receita pode ser multiplicada para a casa toda. Sirva a mesma base e deixe acompanhamentos ou temperos extras à mesa, sem cozinhar uma refeição separada.",Prefira consumir fresco; algumas pastas sem iogurte podem ser congeladas por até 15 dias.,Guarde as sobras refrigeradas e consuma em até 2 dias.,"Usa feijão-fradinho, tomate e azeite em um lanche simples, útil para evitar improvisos entre as refeições.",As áreas de interesse são filtros editoriais de navegação e não indicam tratamento de sintomas ou doenças. Conteúdo alimentar e educacional; não substitui orientação individual de profissional de saúde.
R185,185,pate-de-sardinha-com-cenoura-e-limao,Patê de sardinha com cenoura e limão,Lanches,Dores e incômodos físicos | Circulação | Memória e concentração,até 10 min | econômica | sem fogão | família | iniciante,7,Fácil,Baixo,3,1 lata pequena escorrida sardinha | 1 unidade pequena cenoura | 1 colher (chá) azeite | a gosto ervas | 1 unidade limão,"Amasse ou pique os ingredientes principais. | Misture com azeite e ervas até ficar cremoso ou bem incorporado. | Sirva com pão, torrada, cuscuz ou legumes.","Use pão, torrada, cuscuz ou tapioca como base, conforme o que já tiver em casa. | Troque o recheio por uma opção equivalente disponível.","A receita pode ser multiplicada para a casa toda. Sirva a mesma base e deixe acompanhamentos ou temperos extras à mesa, sem cozinhar uma refeição separada.",Prefira consumir fresco; algumas pastas sem iogurte podem ser congeladas por até 15 dias.,Guarde as sobras refrigeradas e consuma em até 2 dias.,"Usa sardinha, cenoura e azeite em um lanche simples, útil para evitar improvisos entre as refeições.",As áreas de interesse são filtros editoriais de navegação e não indicam tratamento de sintomas ou doenças. Conteúdo alimentar e educacional; não substitui orientação individual de profissional de saúde.
R186,186,sopa-de-abobora-com-frango,Sopa de abóbora com frango,"Sopas, caldos e cremes",Sono e rotina noturna | Peso e saciedade,até 35 min | econômica | família | freezer | uma panela só | iniciante,30,Fácil,Baixo,3,2 xícaras em cubos abóbora | 1 porção frango | 1/2 unidade cebola | 1 dente alho | 3 xícaras água | a gosto sal e ervas,Refogue cebola e alho rapidamente. | Junte os ingredientes principais e a água. | Cozinhe até tudo ficar macio. | Bata uma parte se quiser mais cremosidade e finalize com ervas.,"Use os legumes da estação que estiverem mais baratos. | Frango, ovo, feijão, lentilha ou grão-de-bico podem ser alternados quando combinarem com a receita.","A receita pode ser multiplicada para a casa toda. Sirva a mesma base e deixe acompanhamentos ou temperos extras à mesa, sem cozinhar uma refeição separada.",Pode congelar em porções por até 30 dias.,Congele porções individuais para noites corridas.,"Combina abóbora, frango e cebola em uma preparação quente e simples, boa para variar o jantar sem complicar a cozinha.",As áreas de interesse são filtros editoriais de navegação e não indicam tratamento de sintomas ou doenças. Conteúdo alimentar e educacional; não substitui orientação individual de profissional de saúde.
R187,187,sopa-de-abobora-com-lentilha,Sopa de abóbora com lentilha,"Sopas, caldos e cremes",Sono e rotina noturna | Peso e saciedade | Intestino e digestão,até 35 min | econômica | família | freezer | uma panela só | iniciante,30,Fácil,Baixo,3,2 xícaras em cubos abóbora | 1 xícara cozida lentilha | 1/2 unidade cebola | 1 dente alho | 3 xícaras água | a gosto sal e ervas,Refogue cebola e alho rapidamente. | Junte os ingredientes principais e a água. | Cozinhe até tudo ficar macio. | Bata uma parte se quiser mais cremosidade e finalize com ervas.,"Use os legumes da estação que estiverem mais baratos. | Frango, ovo, feijão, lentilha ou grão-de-bico podem ser alternados quando combinarem com a receita.","A receita pode ser multiplicada para a casa toda. Sirva a mesma base e deixe acompanhamentos ou temperos extras à mesa, sem cozinhar uma refeição separada.",Pode congelar em porções por até 30 dias.,Congele porções individuais para noites corridas.,"Combina abóbora, lentilha e cebola em uma preparação quente e simples, boa para variar o jantar sem complicar a cozinha.",As áreas de interesse são filtros editoriais de navegação e não indicam tratamento de sintomas ou doenças. Conteúdo alimentar e educacional; não substitui orientação individual de profissional de saúde.
R188,188,sopa-de-legumes-com-frango,Sopa de legumes com frango,"Sopas, caldos e cremes",Sono e rotina noturna | Peso e saciedade,até 35 min | econômica | família | freezer | uma panela só | iniciante,30,Fácil,Baixo,3,2 xícaras cenoura e chuchu | 1 porção frango | 1/2 unidade cebola | 1 dente alho | 3 xícaras água | a gosto sal e ervas,Refogue cebola e alho rapidamente. | Junte os ingredientes principais e a água. | Cozinhe até tudo ficar macio. | Bata uma parte se quiser mais cremosidade e finalize com ervas.,"Use os legumes da estação que estiverem mais baratos. | Frango, ovo, feijão, lentilha ou grão-de-bico podem ser alternados quando combinarem com a receita.","A receita pode ser multiplicada para a casa toda. Sirva a mesma base e deixe acompanhamentos ou temperos extras à mesa, sem cozinhar uma refeição separada.",Pode congelar em porções por até 30 dias.,Congele porções individuais para noites corridas.,"Combina cenoura e chuchu, frango e cebola em uma preparação quente e simples, boa para variar o jantar sem complicar a cozinha.",As áreas de interesse são filtros editoriais de navegação e não indicam tratamento de sintomas ou doenças. Conteúdo alimentar e educacional; não substitui orientação individual de profissional de saúde.
R189,189,sopa-de-legumes-com-feijao,Sopa de legumes com feijão,"Sopas, caldos e cremes",Sono e rotina noturna | Peso e saciedade | Intestino e digestão,até 35 min | econômica | família | freezer | uma panela só | iniciante,30,Fácil,Baixo,3,2 xícaras cenoura e abóbora | 1 xícara cozido feijão | 1/2 unidade cebola | 1 dente alho | 3 xícaras água | a gosto sal e ervas,Refogue cebola e alho rapidamente. | Junte os ingredientes principais e a água. | Cozinhe até tudo ficar macio. | Bata uma parte se quiser mais cremosidade e finalize com ervas.,"Use os legumes da estação que estiverem mais baratos. | Frango, ovo, feijão, lentilha ou grão-de-bico podem ser alternados quando combinarem com a receita.","A receita pode ser multiplicada para a casa toda. Sirva a mesma base e deixe acompanhamentos ou temperos extras à mesa, sem cozinhar uma refeição separada.",Pode congelar em porções por até 30 dias.,Congele porções individuais para noites corridas.,"Combina cenoura e abóbora, feijão e cebola em uma preparação quente e simples, boa para variar o jantar sem complicar a cozinha.",As áreas de interesse são filtros editoriais de navegação e não indicam tratamento de sintomas ou doenças. Conteúdo alimentar e educacional; não substitui orientação individual de profissional de saúde.
R190,190,caldo-de-feijao-com-couve,Caldo de feijão com couve,"Sopas, caldos e cremes",Sono e rotina noturna | Peso e saciedade | Intestino e digestão,até 35 min | econômica | família | freezer | uma panela só | iniciante,30,Fácil,Baixo,3,1 xícara cozido feijão | 1 xícara fatiada couve | 1/2 unidade cebola | 1 dente alho | 3 xícaras água | a gosto sal e ervas,Refogue cebola e alho rapidamente. | Junte os ingredientes principais e a água. | Cozinhe até tudo ficar macio. | Bata uma parte se quiser mais cremosidade e finalize com ervas.,"Use os legumes da estação que estiverem mais baratos. | Frango, ovo, feijão, lentilha ou grão-de-bico podem ser alternados quando combinarem com a receita.","A receita pode ser multiplicada para a casa toda. Sirva a mesma base e deixe acompanhamentos ou temperos extras à mesa, sem cozinhar uma refeição separada.",Pode congelar em porções por até 30 dias.,Congele porções individuais para noites corridas.,"Combina feijão, couve e cebola em uma preparação quente e simples, boa para variar o jantar sem complicar a cozinha.",As áreas de interesse são filtros editoriais de navegação e não indicam tratamento de sintomas ou doenças. Conteúdo alimentar e educacional; não substitui orientação individual de profissional de saúde.
R191,191,caldo-de-lentilha-com-cenoura,Caldo de lentilha com cenoura,"Sopas, caldos e cremes",Sono e rotina noturna | Peso e saciedade | Intestino e digestão,até 35 min | econômica | família | freezer | uma panela só | iniciante,30,Fácil,Baixo,3,1 xícara cozida lentilha | 1 unidade pequena cenoura | 1/2 unidade cebola | 1 dente alho | 3 xícaras água | a gosto sal e ervas,Refogue cebola e alho rapidamente. | Junte os ingredientes principais e a água. | Cozinhe até tudo ficar macio. | Bata uma parte se quiser mais cremosidade e finalize com ervas.,"Use os legumes da estação que estiverem mais baratos. | Frango, ovo, feijão, lentilha ou grão-de-bico podem ser alternados quando combinarem com a receita.","A receita pode ser multiplicada para a casa toda. Sirva a mesma base e deixe acompanhamentos ou temperos extras à mesa, sem cozinhar uma refeição separada.",Pode congelar em porções por até 30 dias.,Congele porções individuais para noites corridas.,"Combina lentilha, cenoura e cebola em uma preparação quente e simples, boa para variar o jantar sem complicar a cozinha.",As áreas de interesse são filtros editoriais de navegação e não indicam tratamento de sintomas ou doenças. Conteúdo alimentar e educacional; não substitui orientação individual de profissional de saúde.
R192,192,caldo-de-mandioca-com-frango,Caldo de mandioca com frango,"Sopas, caldos e cremes",Sono e rotina noturna | Peso e saciedade | Energia e disposição,até 35 min | econômica | família | freezer | uma panela só | iniciante,30,Fácil,Baixo,3,250 g mandioca | 1 porção frango | 1/2 unidade cebola | 1 dente alho | 3 xícaras água | a gosto sal e ervas,Refogue cebola e alho rapidamente. | Junte os ingredientes principais e a água. | Cozinhe até tudo ficar macio. | Bata uma parte se quiser mais cremosidade e finalize com ervas.,"Use os legumes da estação que estiverem mais baratos. | Frango, ovo, feijão, lentilha ou grão-de-bico podem ser alternados quando combinarem com a receita.","A receita pode ser multiplicada para a casa toda. Sirva a mesma base e deixe acompanhamentos ou temperos extras à mesa, sem cozinhar uma refeição separada.",Pode congelar em porções por até 30 dias.,Congele porções individuais para noites corridas.,"Combina mandioca, frango e cebola em uma preparação quente e simples, boa para variar o jantar sem complicar a cozinha.",As áreas de interesse são filtros editoriais de navegação e não indicam tratamento de sintomas ou doenças. Conteúdo alimentar e educacional; não substitui orientação individual de profissional de saúde.
R193,193,caldo-de-mandioca-com-carne-desfiada,Caldo de mandioca com carne desfiada,"Sopas, caldos e cremes",Sono e rotina noturna | Peso e saciedade | Energia e disposição,até 35 min | econômica | família | freezer | uma panela só | iniciante,30,Fácil,Baixo,3,250 g mandioca | 1 porção carne desfiada | 1/2 unidade cebola | 1 dente alho | 3 xícaras água | a gosto sal e ervas,Refogue cebola e alho rapidamente. | Junte os ingredientes principais e a água. | Cozinhe até tudo ficar macio. | Bata uma parte se quiser mais cremosidade e finalize com ervas.,"Use os legumes da estação que estiverem mais baratos. | Frango, ovo, feijão, lentilha ou grão-de-bico podem ser alternados quando combinarem com a receita.","A receita pode ser multiplicada para a casa toda. Sirva a mesma base e deixe acompanhamentos ou temperos extras à mesa, sem cozinhar uma refeição separada.",Pode congelar em porções por até 30 dias.,Congele porções individuais para noites corridas.,"Combina mandioca, carne desfiada e cebola em uma preparação quente e simples, boa para variar o jantar sem complicar a cozinha.",As áreas de interesse são filtros editoriais de navegação e não indicam tratamento de sintomas ou doenças. Conteúdo alimentar e educacional; não substitui orientação individual de profissional de saúde.
R194,194,creme-de-abobora-com-gengibre,Creme de abóbora com gengibre,"Sopas, caldos e cremes",Dores e incômodos físicos | Sono e rotina noturna,até 35 min | econômica | família | freezer | uma panela só | iniciante,30,Fácil,Baixo,3,2 xícaras em cubos abóbora | 1 colher (chá) ralado gengibre | 1/2 unidade cebola | 1 dente alho | 3 xícaras água | a gosto sal e ervas,Refogue cebola e alho rapidamente. | Junte os ingredientes principais e a água. | Cozinhe até tudo ficar macio. | Bata uma parte se quiser mais cremosidade e finalize com ervas.,"Use os legumes da estação que estiverem mais baratos. | Frango, ovo, feijão, lentilha ou grão-de-bico podem ser alternados quando combinarem com a receita.","A receita pode ser multiplicada para a casa toda. Sirva a mesma base e deixe acompanhamentos ou temperos extras à mesa, sem cozinhar uma refeição separada.",Pode congelar em porções por até 30 dias.,Congele porções individuais para noites corridas.,"Combina abóbora, gengibre e cebola em uma preparação quente e simples, boa para variar o jantar sem complicar a cozinha.",As áreas de interesse são filtros editoriais de navegação e não indicam tratamento de sintomas ou doenças. Conteúdo alimentar e educacional; não substitui orientação individual de profissional de saúde.
R195,195,creme-de-cenoura-com-frango,Creme de cenoura com frango,"Sopas, caldos e cremes",Sono e rotina noturna | Peso e saciedade,até 35 min | econômica | família | freezer | uma panela só | iniciante,30,Fácil,Baixo,3,1 unidade pequena cenoura | 1 porção frango | 1/2 unidade cebola | 1 dente alho | 3 xícaras água | a gosto sal e ervas,Refogue cebola e alho rapidamente. | Junte os ingredientes principais e a água. | Cozinhe até tudo ficar macio. | Bata uma parte se quiser mais cremosidade e finalize com ervas.,"Use os legumes da estação que estiverem mais baratos. | Frango, ovo, feijão, lentilha ou grão-de-bico podem ser alternados quando combinarem com a receita.","A receita pode ser multiplicada para a casa toda. Sirva a mesma base e deixe acompanhamentos ou temperos extras à mesa, sem cozinhar uma refeição separada.",Pode congelar em porções por até 30 dias.,Congele porções individuais para noites corridas.,"Combina cenoura, frango e cebola em uma preparação quente e simples, boa para variar o jantar sem complicar a cozinha.",As áreas de interesse são filtros editoriais de navegação e não indicam tratamento de sintomas ou doenças. Conteúdo alimentar e educacional; não substitui orientação individual de profissional de saúde.
R196,196,creme-de-ervilha-com-cheiro-verde,Creme de ervilha com cheiro-verde,"Sopas, caldos e cremes",Sono e rotina noturna,até 35 min | econômica | família | freezer | uma panela só | iniciante,30,Fácil,Baixo,3,1/2 xícara ervilha | 2 colheres (sopa) cheiro-verde | 1/2 unidade cebola | 1 dente alho | 3 xícaras água | a gosto sal e ervas,Refogue cebola e alho rapidamente. | Junte os ingredientes principais e a água. | Cozinhe até tudo ficar macio. | Bata uma parte se quiser mais cremosidade e finalize com ervas.,"Use os legumes da estação que estiverem mais baratos. | Frango, ovo, feijão, lentilha ou grão-de-bico podem ser alternados quando combinarem com a receita.","A receita pode ser multiplicada para a casa toda. Sirva a mesma base e deixe acompanhamentos ou temperos extras à mesa, sem cozinhar uma refeição separada.",Pode congelar em porções por até 30 dias.,Congele porções individuais para noites corridas.,"Combina ervilha, cheiro-verde e cebola em uma preparação quente e simples, boa para variar o jantar sem complicar a cozinha.",As áreas de interesse são filtros editoriais de navegação e não indicam tratamento de sintomas ou doenças. Conteúdo alimentar e educacional; não substitui orientação individual de profissional de saúde.
R197,197,sopa-de-batata-com-couve-e-ovo,Sopa de batata com couve e ovo,"Sopas, caldos e cremes",Memória e concentração | Sono e rotina noturna | Peso e saciedade,até 35 min | econômica | família | freezer | uma panela só | iniciante,30,Fácil,Baixo,3,2 unidades pequenas batata | 1 unidade ovo | 1/2 unidade cebola | 1 dente alho | 3 xícaras água | a gosto sal e ervas | 1 xícara couve fatiada,Refogue cebola e alho rapidamente. | Junte os ingredientes principais e a água. | Cozinhe até tudo ficar macio. | Bata uma parte se quiser mais cremosidade e finalize com ervas.,"Use os legumes da estação que estiverem mais baratos. | Frango, ovo, feijão, lentilha ou grão-de-bico podem ser alternados quando combinarem com a receita.","A receita pode ser multiplicada para a casa toda. Sirva a mesma base e deixe acompanhamentos ou temperos extras à mesa, sem cozinhar uma refeição separada.",Pode congelar em porções por até 30 dias.,Congele porções individuais para noites corridas.,"Combina batata, ovo e cebola em uma preparação quente e simples, boa para variar o jantar sem complicar a cozinha.",As áreas de interesse são filtros editoriais de navegação e não indicam tratamento de sintomas ou doenças. Conteúdo alimentar e educacional; não substitui orientação individual de profissional de saúde.
R198,198,sopa-de-arroz-frango-e-legumes,"Sopa de arroz, frango e legumes","Sopas, caldos e cremes",Sono e rotina noturna | Peso e saciedade | Energia e disposição,até 35 min | econômica | família | freezer | uma panela só | iniciante,30,Fácil,Baixo,3,1 xícara cozido arroz | 1 porção frango | 1/2 unidade cebola | 1 dente alho | 3 xícaras água | a gosto sal e ervas,Refogue cebola e alho rapidamente. | Junte os ingredientes principais e a água. | Cozinhe até tudo ficar macio. | Bata uma parte se quiser mais cremosidade e finalize com ervas.,"Use os legumes da estação que estiverem mais baratos. | Frango, ovo, feijão, lentilha ou grão-de-bico podem ser alternados quando combinarem com a receita.","A receita pode ser multiplicada para a casa toda. Sirva a mesma base e deixe acompanhamentos ou temperos extras à mesa, sem cozinhar uma refeição separada.",Pode congelar em porções por até 30 dias.,Congele porções individuais para noites corridas.,"Combina arroz, frango e cebola em uma preparação quente e simples, boa para variar o jantar sem complicar a cozinha.",As áreas de interesse são filtros editoriais de navegação e não indicam tratamento de sintomas ou doenças. Conteúdo alimentar e educacional; não substitui orientação individual de profissional de saúde.
R199,199,sopa-de-lentilha-com-tomate-e-couve,Sopa de lentilha com tomate e couve,"Sopas, caldos e cremes",Sono e rotina noturna | Peso e saciedade | Circulação,até 35 min | econômica | família | freezer | uma panela só | iniciante,30,Fácil,Baixo,3,1 xícara cozida lentilha | 1 xícara fatiada couve | 1/2 unidade cebola | 1 dente alho | 3 xícaras água | a gosto sal e ervas | 1 unidade média tomate,Refogue cebola e alho rapidamente. | Junte os ingredientes principais e a água. | Cozinhe até tudo ficar macio. | Bata uma parte se quiser mais cremosidade e finalize com ervas.,"Use os legumes da estação que estiverem mais baratos. | Frango, ovo, feijão, lentilha ou grão-de-bico podem ser alternados quando combinarem com a receita.","A receita pode ser multiplicada para a casa toda. Sirva a mesma base e deixe acompanhamentos ou temperos extras à mesa, sem cozinhar uma refeição separada.",Pode congelar em porções por até 30 dias.,Congele porções individuais para noites corridas.,"Combina lentilha, couve e cebola em uma preparação quente e simples, boa para variar o jantar sem complicar a cozinha.",As áreas de interesse são filtros editoriais de navegação e não indicam tratamento de sintomas ou doenças. Conteúdo alimentar e educacional; não substitui orientação individual de profissional de saúde.
R200,200,sopa-de-grao-de-bico-com-abobora,Sopa de grão-de-bico com abóbora,"Sopas, caldos e cremes",Sono e rotina noturna | Peso e saciedade | Intestino e digestão,até 35 min | econômica | família | freezer | uma panela só | iniciante,30,Fácil,Baixo,3,1 xícara cozido grão-de-bico | 2 xícaras em cubos abóbora | 1/2 unidade cebola | 1 dente alho | 3 xícaras água | a gosto sal e ervas,Refogue cebola e alho rapidamente. | Junte os ingredientes principais e a água. | Cozinhe até tudo ficar macio. | Bata uma parte se quiser mais cremosidade e finalize com ervas.,"Use os legumes da estação que estiverem mais baratos. | Frango, ovo, feijão, lentilha ou grão-de-bico podem ser alternados quando combinarem com a receita.","A receita pode ser multiplicada para a casa toda. Sirva a mesma base e deixe acompanhamentos ou temperos extras à mesa, sem cozinhar uma refeição separada.",Pode congelar em porções por até 30 dias.,Congele porções individuais para noites corridas.,"Combina grão-de-bico, abóbora e cebola em uma preparação quente e simples, boa para variar o jantar sem complicar a cozinha.",As áreas de interesse são filtros editoriais de navegação e não indicam tratamento de sintomas ou doenças. Conteúdo alimentar e educacional; não substitui orientação individual de profissional de saúde.
R201,201,sopa-de-feijao-branco-com-cenoura,Sopa de feijão-branco com cenoura,"Sopas, caldos e cremes",Sono e rotina noturna | Peso e saciedade | Intestino e digestão,até 35 min | econômica | família | freezer | uma panela só | iniciante,30,Fácil,Baixo,3,1 xícara cozido feijão-branco | 1 unidade pequena cenoura | 1/2 unidade cebola | 1 dente alho | 3 xícaras água | a gosto sal e ervas,Refogue cebola e alho rapidamente. | Junte os ingredientes principais e a água. | Cozinhe até tudo ficar macio. | Bata uma parte se quiser mais cremosidade e finalize com ervas.,"Use os legumes da estação que estiverem mais baratos. | Frango, ovo, feijão, lentilha ou grão-de-bico podem ser alternados quando combinarem com a receita.","A receita pode ser multiplicada para a casa toda. Sirva a mesma base e deixe acompanhamentos ou temperos extras à mesa, sem cozinhar uma refeição separada.",Pode congelar em porções por até 30 dias.,Congele porções individuais para noites corridas.,"Combina feijão-branco, cenoura e cebola em uma preparação quente e simples, boa para variar o jantar sem complicar a cozinha.",As áreas de interesse são filtros editoriais de navegação e não indicam tratamento de sintomas ou doenças. Conteúdo alimentar e educacional; não substitui orientação individual de profissional de saúde.
R202,202,caldo-de-abobora-com-carne-moida,Caldo de abóbora com carne moída,"Sopas, caldos e cremes",Sono e rotina noturna | Peso e saciedade,até 35 min | família | freezer | uma panela só | iniciante,30,Fácil,Médio,3,2 xícaras em cubos abóbora | 1 porção carne moída | 1/2 unidade cebola | 1 dente alho | 3 xícaras água | a gosto sal e ervas,Refogue cebola e alho rapidamente. | Junte os ingredientes principais e a água. | Cozinhe até tudo ficar macio. | Bata uma parte se quiser mais cremosidade e finalize com ervas.,"Use os legumes da estação que estiverem mais baratos. | Frango, ovo, feijão, lentilha ou grão-de-bico podem ser alternados quando combinarem com a receita.","A receita pode ser multiplicada para a casa toda. Sirva a mesma base e deixe acompanhamentos ou temperos extras à mesa, sem cozinhar uma refeição separada.",Pode congelar em porções por até 30 dias.,Congele porções individuais para noites corridas.,"Combina abóbora, carne moída e cebola em uma preparação quente e simples, boa para variar o jantar sem complicar a cozinha.",As áreas de interesse são filtros editoriais de navegação e não indicam tratamento de sintomas ou doenças. Conteúdo alimentar e educacional; não substitui orientação individual de profissional de saúde.
R203,203,creme-de-batata-doce-com-frango,Creme de batata-doce com frango,"Sopas, caldos e cremes",Sono e rotina noturna | Peso e saciedade | Energia e disposição,até 35 min | econômica | família | freezer | uma panela só | iniciante,30,Fácil,Baixo,3,1 unidade média batata-doce | 1 porção frango | 1/2 unidade cebola | 1 dente alho | 3 xícaras água | a gosto sal e ervas,Refogue cebola e alho rapidamente. | Junte os ingredientes principais e a água. | Cozinhe até tudo ficar macio. | Bata uma parte se quiser mais cremosidade e finalize com ervas.,"Use os legumes da estação que estiverem mais baratos. | Frango, ovo, feijão, lentilha ou grão-de-bico podem ser alternados quando combinarem com a receita.","A receita pode ser multiplicada para a casa toda. Sirva a mesma base e deixe acompanhamentos ou temperos extras à mesa, sem cozinhar uma refeição separada.",Pode congelar em porções por até 30 dias.,Congele porções individuais para noites corridas.,"Combina batata-doce, frango e cebola em uma preparação quente e simples, boa para variar o jantar sem complicar a cozinha.",As áreas de interesse são filtros editoriais de navegação e não indicam tratamento de sintomas ou doenças. Conteúdo alimentar e educacional; não substitui orientação individual de profissional de saúde.
R204,204,sopa-de-repolho-feijao-e-tomate,"Sopa de repolho, feijão e tomate","Sopas, caldos e cremes",Sono e rotina noturna | Peso e saciedade | Circulação,até 35 min | econômica | família | freezer | uma panela só | iniciante,30,Fácil,Baixo,3,1 xícara fatiado repolho | 1 xícara cozido feijão | 1/2 unidade cebola | 1 dente alho | 3 xícaras água | a gosto sal e ervas | 1 unidade média tomate,Refogue cebola e alho rapidamente. | Junte os ingredientes principais e a água. | Cozinhe até tudo ficar macio. | Bata uma parte se quiser mais cremosidade e finalize com ervas.,"Use os legumes da estação que estiverem mais baratos. | Frango, ovo, feijão, lentilha ou grão-de-bico podem ser alternados quando combinarem com a receita.","A receita pode ser multiplicada para a casa toda. Sirva a mesma base e deixe acompanhamentos ou temperos extras à mesa, sem cozinhar uma refeição separada.",Pode congelar em porções por até 30 dias.,Congele porções individuais para noites corridas.,"Combina repolho, feijão e cebola em uma preparação quente e simples, boa para variar o jantar sem complicar a cozinha.",As áreas de interesse são filtros editoriais de navegação e não indicam tratamento de sintomas ou doenças. Conteúdo alimentar e educacional; não substitui orientação individual de profissional de saúde.
R205,205,sopa-de-chuchu-cenoura-e-frango,"Sopa de chuchu, cenoura e frango","Sopas, caldos e cremes",Sono e rotina noturna | Peso e saciedade,até 35 min | econômica | família | freezer | uma panela só | iniciante,30,Fácil,Baixo,3,1 unidade pequena chuchu | 1 porção frango | 1/2 unidade cebola | 1 dente alho | 3 xícaras água | a gosto sal e ervas | 1 unidade pequena cenoura,Refogue cebola e alho rapidamente. | Junte os ingredientes principais e a água. | Cozinhe até tudo ficar macio. | Bata uma parte se quiser mais cremosidade e finalize com ervas.,"Use os legumes da estação que estiverem mais baratos. | Frango, ovo, feijão, lentilha ou grão-de-bico podem ser alternados quando combinarem com a receita.","A receita pode ser multiplicada para a casa toda. Sirva a mesma base e deixe acompanhamentos ou temperos extras à mesa, sem cozinhar uma refeição separada.",Pode congelar em porções por até 30 dias.,Congele porções individuais para noites corridas.,"Combina chuchu, frango e cebola em uma preparação quente e simples, boa para variar o jantar sem complicar a cozinha.",As áreas de interesse são filtros editoriais de navegação e não indicam tratamento de sintomas ou doenças. Conteúdo alimentar e educacional; não substitui orientação individual de profissional de saúde.
R206,206,canja-pratica-com-arroz-frango-e-cenoura,"Canja prática com arroz, frango e cenoura","Sopas, caldos e cremes",Sono e rotina noturna | Peso e saciedade | Energia e disposição,até 35 min | econômica | família | freezer | iniciante,30,Fácil,Baixo,3,250 g frango em cubos | 1/3 xícara arroz cru | 1 unidade pequena cenoura | 1/2 unidade cebola | 1 dente alho | 1 litro água | a gosto sal e cheiro-verde,"Refogue cebola, alho e frango. | Acrescente cenoura, arroz e água. | Cozinhe em fogo médio até o arroz e a cenoura ficarem macios. | Finalize com cheiro-verde.","Use os legumes da estação que estiverem mais baratos. | Frango, ovo, feijão, lentilha ou grão-de-bico podem ser alternados quando combinarem com a receita.","A receita pode ser multiplicada para a casa toda. Sirva a mesma base e deixe acompanhamentos ou temperos extras à mesa, sem cozinhar uma refeição separada.",Pode congelar em porções por até 30 dias.,Congele porções individuais para noites corridas.,"Combina frango em cubos, arroz cru e cenoura em uma preparação quente e simples, boa para variar o jantar sem complicar a cozinha.",As áreas de interesse são filtros editoriais de navegação e não indicam tratamento de sintomas ou doenças. Conteúdo alimentar e educacional; não substitui orientação individual de profissional de saúde.
R207,207,canja-com-abobora-frango-e-cheiro-verde,"Canja com abóbora, frango e cheiro-verde","Sopas, caldos e cremes",Sono e rotina noturna | Peso e saciedade,até 35 min | econômica | família | freezer | iniciante,30,Fácil,Baixo,3,2 xícaras em cubos abóbora | 1 porção frango | 1/2 unidade cebola | 1 dente alho | 3 xícaras água | a gosto sal e ervas | 2 colheres (sopa) cheiro-verde,Refogue cebola e alho rapidamente. | Junte os ingredientes principais e a água. | Cozinhe até tudo ficar macio. | Bata uma parte se quiser mais cremosidade e finalize com ervas.,"Use os legumes da estação que estiverem mais baratos. | Frango, ovo, feijão, lentilha ou grão-de-bico podem ser alternados quando combinarem com a receita.","A receita pode ser multiplicada para a casa toda. Sirva a mesma base e deixe acompanhamentos ou temperos extras à mesa, sem cozinhar uma refeição separada.",Pode congelar em porções por até 30 dias.,Congele porções individuais para noites corridas.,"Combina abóbora, frango e cebola em uma preparação quente e simples, boa para variar o jantar sem complicar a cozinha.",As áreas de interesse são filtros editoriais de navegação e não indicam tratamento de sintomas ou doenças. Conteúdo alimentar e educacional; não substitui orientação individual de profissional de saúde.
R208,208,sopa-de-macarrao-com-carne-e-legumes,Sopa de macarrão com carne e legumes,"Sopas, caldos e cremes",Sono e rotina noturna | Peso e saciedade | Energia e disposição,até 35 min | família | freezer | uma panela só | iniciante,30,Fácil,Médio,3,1 xícara cozido macarrão | 1 porção carne moída | 1/2 unidade cebola | 1 dente alho | 3 xícaras água | a gosto sal e ervas,Refogue cebola e alho rapidamente. | Junte os ingredientes principais e a água. | Cozinhe até tudo ficar macio. | Bata uma parte se quiser mais cremosidade e finalize com ervas.,"Use os legumes da estação que estiverem mais baratos. | Frango, ovo, feijão, lentilha ou grão-de-bico podem ser alternados quando combinarem com a receita.","A receita pode ser multiplicada para a casa toda. Sirva a mesma base e deixe acompanhamentos ou temperos extras à mesa, sem cozinhar uma refeição separada.",Pode congelar em porções por até 30 dias.,Congele porções individuais para noites corridas.,"Combina macarrão, carne moída e cebola em uma preparação quente e simples, boa para variar o jantar sem complicar a cozinha.",As áreas de interesse são filtros editoriais de navegação e não indicam tratamento de sintomas ou doenças. Conteúdo alimentar e educacional; não substitui orientação individual de profissional de saúde.
R209,209,sopa-de-legumes-com-ovo-cozido,Sopa de legumes com ovo cozido,"Sopas, caldos e cremes",Sono e rotina noturna | Peso e saciedade | Memória e concentração,até 35 min | econômica | família | freezer | uma panela só | iniciante,30,Fácil,Baixo,3,2 xícaras abóbora e cenoura | 1 unidade ovo | 1/2 unidade cebola | 1 dente alho | 3 xícaras água | a gosto sal e ervas,Refogue cebola e alho rapidamente. | Junte os ingredientes principais e a água. | Cozinhe até tudo ficar macio. | Bata uma parte se quiser mais cremosidade e finalize com ervas.,"Use os legumes da estação que estiverem mais baratos. | Frango, ovo, feijão, lentilha ou grão-de-bico podem ser alternados quando combinarem com a receita.","A receita pode ser multiplicada para a casa toda. Sirva a mesma base e deixe acompanhamentos ou temperos extras à mesa, sem cozinhar uma refeição separada.",Pode congelar em porções por até 30 dias.,Congele porções individuais para noites corridas.,"Combina abóbora e cenoura, ovo e cebola em uma preparação quente e simples, boa para variar o jantar sem complicar a cozinha.",As áreas de interesse são filtros editoriais de navegação e não indicam tratamento de sintomas ou doenças. Conteúdo alimentar e educacional; não substitui orientação individual de profissional de saúde.
R210,210,caldo-de-feijao-fradinho-com-tomate-e-couve,Caldo de feijão-fradinho com tomate e couve,"Sopas, caldos e cremes",Sono e rotina noturna | Peso e saciedade | Circulação,até 35 min | econômica | família | freezer | uma panela só | iniciante,30,Fácil,Baixo,3,1 xícara cozido feijão-fradinho | 1 xícara fatiada couve | 1/2 unidade cebola | 1 dente alho | 3 xícaras água | a gosto sal e ervas | 1 unidade média tomate,Refogue cebola e alho rapidamente. | Junte os ingredientes principais e a água. | Cozinhe até tudo ficar macio. | Bata uma parte se quiser mais cremosidade e finalize com ervas.,"Use os legumes da estação que estiverem mais baratos. | Frango, ovo, feijão, lentilha ou grão-de-bico podem ser alternados quando combinarem com a receita.","A receita pode ser multiplicada para a casa toda. Sirva a mesma base e deixe acompanhamentos ou temperos extras à mesa, sem cozinhar uma refeição separada.",Pode congelar em porções por até 30 dias.,Congele porções individuais para noites corridas.,"Combina feijão-fradinho, couve e cebola em uma preparação quente e simples, boa para variar o jantar sem complicar a cozinha.",As áreas de interesse são filtros editoriais de navegação e não indicam tratamento de sintomas ou doenças. Conteúdo alimentar e educacional; não substitui orientação individual de profissional de saúde.
R211,211,banana-assada-com-canela-e-aveia,Banana assada com canela e aveia,Sobremesas e doces simples,Sono e rotina noturna | Intestino e digestão,até 20 min | econômica | iniciante,12,Fácil,Baixo,1,1 porção banana | 1 pitada canela | 1 colher (sopa) aveia em flocos,"Corte a banana ao meio no comprimento e coloque em um refratário pequeno. | Polvilhe canela e aveia. | Asse a 180 °C por 12 a 15 minutos, até ficar macia.",Troque a fruta por outra madura da estação quando a textura permitir. | Canela e cacau podem ser usados apenas quando combinarem com a receita.,"Para servir mais pessoas, multiplique as quantidades mantendo a mesma proporção dos ingredientes.",Não é a melhor opção para congelar.,Guarde as sobras refrigeradas e consuma em até 2 dias.,"Uma forma simples de preparar algo doce usando banana, canela e aveia em flocos, com porção pequena e poucos passos.",As áreas de interesse são filtros editoriais de navegação e não indicam tratamento de sintomas ou doenças. Conteúdo alimentar e educacional; não substitui orientação individual de profissional de saúde.
R212,212,maca-assada-com-canela-e-aveia,Maçã assada com canela e aveia,Sobremesas e doces simples,Sono e rotina noturna | Intestino e digestão,até 20 min | econômica | iniciante,12,Fácil,Baixo,1,1 porção maçã | 1 pitada canela | 1 colher (sopa) aveia em flocos,"Corte a maçã em cubos ou fatias e coloque em um refratário. | Polvilhe canela e aveia. | Asse a 180 °C por 15 a 20 minutos, até ficar macia.",Troque a fruta por outra madura da estação quando a textura permitir. | Canela e cacau podem ser usados apenas quando combinarem com a receita.,"Para servir mais pessoas, multiplique as quantidades mantendo a mesma proporção dos ingredientes.",Não é a melhor opção para congelar.,Guarde as sobras refrigeradas e consuma em até 2 dias.,"Uma forma simples de preparar algo doce usando maçã, canela e aveia em flocos, com porção pequena e poucos passos.",As áreas de interesse são filtros editoriais de navegação e não indicam tratamento de sintomas ou doenças. Conteúdo alimentar e educacional; não substitui orientação individual de profissional de saúde.
R213,213,pera-cozida-com-canela,Pera cozida com canela,Sobremesas e doces simples,Energia e disposição,até 20 min | econômica | iniciante,12,Fácil,Baixo,1,1 unidade pera | 1 pitada canela | 3 colheres (sopa) água,Corte a pera em cubos e coloque em uma panela pequena com a água. | Tampe e cozinhe em fogo baixo por 5 a 8 minutos. | Finalize com canela.,Troque a fruta por outra madura da estação quando a textura permitir. | Canela e cacau podem ser usados apenas quando combinarem com a receita.,"Para servir mais pessoas, multiplique as quantidades mantendo a mesma proporção dos ingredientes.",Não é a melhor opção para congelar.,Guarde as sobras refrigeradas e consuma em até 2 dias.,"Uma forma simples de preparar algo doce usando pera, canela e água, com porção pequena e poucos passos.",As áreas de interesse são filtros editoriais de navegação e não indicam tratamento de sintomas ou doenças. Conteúdo alimentar e educacional; não substitui orientação individual de profissional de saúde.
R214,214,creme-gelado-de-banana-e-cacau,Creme gelado de banana e cacau,Sobremesas e doces simples,Sono e rotina noturna,5 min | econômica | sem fogão | iniciante,5,Fácil,Baixo,1,1 porção banana congelada | 1 porção pequena cacau em pó | 1 pitada canela,Bata ou amasse a banana congelada até ficar cremosa. | Misture o cacau e a canela. | Sirva na hora.,Troque a fruta por outra madura da estação quando a textura permitir. | Canela e cacau podem ser usados apenas quando combinarem com a receita.,"Para servir mais pessoas, multiplique as quantidades mantendo a mesma proporção dos ingredientes.",Não é a melhor opção para congelar.,Guarde as sobras refrigeradas e consuma em até 2 dias.,"Uma forma simples de preparar algo doce usando banana congelada, cacau em pó e canela, com porção pequena e poucos passos.",As áreas de interesse são filtros editoriais de navegação e não indicam tratamento de sintomas ou doenças. Conteúdo alimentar e educacional; não substitui orientação individual de profissional de saúde.
R215,215,creme-de-mamao-com-iogurte,Creme de mamão com iogurte,Sobremesas e doces simples,Sono e rotina noturna | Intestino e digestão | Energia e disposição,5 min | econômica | sem fogão | iniciante,5,Fácil,Baixo,1,1 porção mamão | 1 pote (160 a 170 g) iogurte natural | 1 pitada canela,Amasse o mamão e misture com o iogurte. | Finalize com canela. | Sirva gelado.,Troque a fruta por outra madura da estação quando a textura permitir. | Canela e cacau podem ser usados apenas quando combinarem com a receita.,"Para servir mais pessoas, multiplique as quantidades mantendo a mesma proporção dos ingredientes.",Não é a melhor opção para congelar.,Guarde as sobras refrigeradas e consuma em até 2 dias.,"Uma forma simples de preparar algo doce usando mamão, iogurte natural e canela, com porção pequena e poucos passos.",As áreas de interesse são filtros editoriais de navegação e não indicam tratamento de sintomas ou doenças. Conteúdo alimentar e educacional; não substitui orientação individual de profissional de saúde.
R216,216,creme-de-manga-com-iogurte,Creme de manga com iogurte,Sobremesas e doces simples,Sono e rotina noturna | Energia e disposição,5 min | econômica | sem fogão | iniciante,5,Fácil,Baixo,1,1 porção manga | 1 pote (160 a 170 g) iogurte natural | 1 pitada canela,Amasse ou bata a manga com o iogurte. | Finalize com canela. | Sirva gelado.,Troque a fruta por outra madura da estação quando a textura permitir. | Canela e cacau podem ser usados apenas quando combinarem com a receita.,"Para servir mais pessoas, multiplique as quantidades mantendo a mesma proporção dos ingredientes.",Não é a melhor opção para congelar.,Guarde as sobras refrigeradas e consuma em até 2 dias.,"Uma forma simples de preparar algo doce usando manga, iogurte natural e canela, com porção pequena e poucos passos.",As áreas de interesse são filtros editoriais de navegação e não indicam tratamento de sintomas ou doenças. Conteúdo alimentar e educacional; não substitui orientação individual de profissional de saúde.
R217,217,iogurte-gelado-com-banana-e-canela,Iogurte gelado com banana e canela,Sobremesas e doces simples,Sono e rotina noturna | Energia e disposição,5 min | econômica | sem fogão | iniciante,5,Fácil,Baixo,1,1 pote (160 a 170 g) iogurte natural | 1/2 unidade banana | 1 pitada canela,"Misture o iogurte com a banana picada e a canela. | Leve ao freezer por 30 a 45 minutos, apenas para gelar bem sem endurecer completamente. | Sirva em seguida.",Troque a fruta por outra madura da estação quando a textura permitir. | Canela e cacau podem ser usados apenas quando combinarem com a receita.,"Para servir mais pessoas, multiplique as quantidades mantendo a mesma proporção dos ingredientes.",Não é a melhor opção para congelar.,Guarde as sobras refrigeradas e consuma em até 2 dias.,"Uma forma simples de preparar algo doce usando iogurte natural, banana e canela, com porção pequena e poucos passos.",As áreas de interesse são filtros editoriais de navegação e não indicam tratamento de sintomas ou doenças. Conteúdo alimentar e educacional; não substitui orientação individual de profissional de saúde.
R218,218,iogurte-gelado-com-manga,Iogurte gelado com manga,Sobremesas e doces simples,Sono e rotina noturna | Energia e disposição,5 min | econômica | sem fogão | iniciante,5,Fácil,Baixo,1,1 pote (160 a 170 g) iogurte natural | 1 porção pequena manga | 1 pitada canela,Misture o iogurte com a manga picada. | Leve ao freezer por 30 a 45 minutos. | Finalize com a canela e sirva.,Troque a fruta por outra madura da estação quando a textura permitir. | Canela e cacau podem ser usados apenas quando combinarem com a receita.,"Para servir mais pessoas, multiplique as quantidades mantendo a mesma proporção dos ingredientes.",Não é a melhor opção para congelar.,Guarde as sobras refrigeradas e consuma em até 2 dias.,"Uma forma simples de preparar algo doce usando iogurte natural, manga e canela, com porção pequena e poucos passos.",As áreas de interesse são filtros editoriais de navegação e não indicam tratamento de sintomas ou doenças. Conteúdo alimentar e educacional; não substitui orientação individual de profissional de saúde.
R219,219,doce-rapido-de-banana-com-cacau,Doce rápido de banana com cacau,Sobremesas e doces simples,Sono e rotina noturna,até 20 min | econômica | iniciante,12,Fácil,Baixo,1,1 porção banana | 1 porção pequena cacau em pó | 1 pitada canela,Amasse a banana e leve a uma frigideira pequena em fogo baixo por 2 a 3 minutos. | Misture o cacau e a canela. | Sirva morno.,Troque a fruta por outra madura da estação quando a textura permitir. | Canela e cacau podem ser usados apenas quando combinarem com a receita.,"Para servir mais pessoas, multiplique as quantidades mantendo a mesma proporção dos ingredientes.",Não é a melhor opção para congelar.,Guarde as sobras refrigeradas e consuma em até 2 dias.,"Uma forma simples de preparar algo doce usando banana, cacau em pó e canela, com porção pequena e poucos passos.",As áreas de interesse são filtros editoriais de navegação e não indicam tratamento de sintomas ou doenças. Conteúdo alimentar e educacional; não substitui orientação individual de profissional de saúde.
R220,220,banana-de-frigideira-com-canela-e-amendoim,Banana de frigideira com canela e amendoim,Sobremesas e doces simples,Sono e rotina noturna | Energia e disposição,até 20 min | econômica | uma panela só | iniciante,12,Fácil,Baixo,1,1 unidade pequena banana | 1 colher (sopa) amendoim torrado sem sal | 1 pitada canela,Doure a banana em frigideira antiaderente por 1 a 2 minutos de cada lado. | Polvilhe canela. | Finalize com o amendoim picado.,Troque a fruta por outra madura da estação quando a textura permitir. | Canela e cacau podem ser usados apenas quando combinarem com a receita.,"Para servir mais pessoas, multiplique as quantidades mantendo a mesma proporção dos ingredientes.",Não é a melhor opção para congelar.,Guarde as sobras refrigeradas e consuma em até 2 dias.,"Uma forma simples de preparar algo doce usando banana, amendoim torrado sem sal e canela, com porção pequena e poucos passos.",As áreas de interesse são filtros editoriais de navegação e não indicam tratamento de sintomas ou doenças. Conteúdo alimentar e educacional; não substitui orientação individual de profissional de saúde.
R221,221,maca-de-panela-com-aveia-e-canela,Maçã de panela com aveia e canela,Sobremesas e doces simples,Sono e rotina noturna | Intestino e digestão,até 20 min | econômica | iniciante,12,Fácil,Baixo,1,1 unidade maçã | 2 colheres (sopa) aveia em flocos | 1 pitada canela | 2 colheres (sopa) água,"Coloque a maçã, a água e a canela em uma panela pequena. | Cozinhe tampado por 5 minutos. | Junte a aveia, mexa por mais 1 a 2 minutos e sirva.",Troque a fruta por outra madura da estação quando a textura permitir. | Canela e cacau podem ser usados apenas quando combinarem com a receita.,"Para servir mais pessoas, multiplique as quantidades mantendo a mesma proporção dos ingredientes.",Não é a melhor opção para congelar.,Guarde as sobras refrigeradas e consuma em até 2 dias.,"Uma forma simples de preparar algo doce usando maçã, aveia em flocos e canela, com porção pequena e poucos passos.",As áreas de interesse são filtros editoriais de navegação e não indicam tratamento de sintomas ou doenças. Conteúdo alimentar e educacional; não substitui orientação individual de profissional de saúde.
R222,222,mamao-com-coco-e-canela,Mamão com coco e canela,Sobremesas e doces simples,Sono e rotina noturna | Intestino e digestão,5 min | econômica | sem fogão | iniciante,5,Fácil,Baixo,1,1 porção mamão | 1 porção pequena coco ralado sem açúcar | 1 colher (sopa) aveia em flocos,Corte o mamão em cubos. | Finalize com coco ralado e canela. | Sirva na hora.,Troque a fruta por outra madura da estação quando a textura permitir. | Canela e cacau podem ser usados apenas quando combinarem com a receita.,"Para servir mais pessoas, multiplique as quantidades mantendo a mesma proporção dos ingredientes.",Não é a melhor opção para congelar.,Guarde as sobras refrigeradas e consuma em até 2 dias.,"Uma forma simples de preparar algo doce usando mamão, coco ralado sem açúcar e aveia em flocos, com porção pequena e poucos passos.",As áreas de interesse são filtros editoriais de navegação e não indicam tratamento de sintomas ou doenças. Conteúdo alimentar e educacional; não substitui orientação individual de profissional de saúde.
R223,223,pera-com-cacau-e-amendoim,Pera com cacau e amendoim,Sobremesas e doces simples,Energia e disposição,até 20 min | econômica | sem fogão | iniciante,12,Fácil,Baixo,1,1 unidade pera | 1 colher (chá) cacau em pó | 1 colher (sopa) amendoim picado,Corte a pera em fatias ou cubos. | Polvilhe o cacau. | Finalize com amendoim picado.,Troque a fruta por outra madura da estação quando a textura permitir. | Canela e cacau podem ser usados apenas quando combinarem com a receita.,"Para servir mais pessoas, multiplique as quantidades mantendo a mesma proporção dos ingredientes.",Não é a melhor opção para congelar.,Guarde as sobras refrigeradas e consuma em até 2 dias.,"Uma forma simples de preparar algo doce usando pera, cacau em pó e amendoim picado, com porção pequena e poucos passos.",As áreas de interesse são filtros editoriais de navegação e não indicam tratamento de sintomas ou doenças. Conteúdo alimentar e educacional; não substitui orientação individual de profissional de saúde.
R224,224,mousse-simples-de-maracuja-com-iogurte,Mousse simples de maracujá com iogurte,Sobremesas e doces simples,Sono e rotina noturna,5 min | econômica | sem fogão | iniciante,5,Fácil,Baixo,1,1 porção maracujá | 1 pote (160 a 170 g) iogurte natural | 1 pitada canela,Misture a polpa de maracujá com o iogurte até ficar uniforme. | Leve à geladeira por pelo menos 30 minutos. | Sirva gelado.,Troque a fruta por outra madura da estação quando a textura permitir. | Canela e cacau podem ser usados apenas quando combinarem com a receita.,"Para servir mais pessoas, multiplique as quantidades mantendo a mesma proporção dos ingredientes.",Não é a melhor opção para congelar.,Guarde as sobras refrigeradas e consuma em até 2 dias.,"Uma forma simples de preparar algo doce usando maracujá, iogurte natural e canela, com porção pequena e poucos passos.",As áreas de interesse são filtros editoriais de navegação e não indicam tratamento de sintomas ou doenças. Conteúdo alimentar e educacional; não substitui orientação individual de profissional de saúde.
R225,225,mousse-de-manga-com-iogurte,Mousse de manga com iogurte,Sobremesas e doces simples,Sono e rotina noturna | Energia e disposição,5 min | econômica | sem fogão | iniciante,5,Fácil,Baixo,1,1 porção manga | 1 pote (160 a 170 g) iogurte natural | 1 pitada canela,Amasse ou bata a manga com o iogurte. | Leve à geladeira por pelo menos 30 minutos. | Sirva gelado.,Troque a fruta por outra madura da estação quando a textura permitir. | Canela e cacau podem ser usados apenas quando combinarem com a receita.,"Para servir mais pessoas, multiplique as quantidades mantendo a mesma proporção dos ingredientes.",Não é a melhor opção para congelar.,Guarde as sobras refrigeradas e consuma em até 2 dias.,"Uma forma simples de preparar algo doce usando manga, iogurte natural e canela, com porção pequena e poucos passos.",As áreas de interesse são filtros editoriais de navegação e não indicam tratamento de sintomas ou doenças. Conteúdo alimentar e educacional; não substitui orientação individual de profissional de saúde.
R226,226,pudim-rapido-de-chia-com-banana,Pudim rápido de chia com banana,Sobremesas e doces simples,Sono e rotina noturna | Intestino e digestão,5 min | econômica | sem fogão | iniciante,5,Fácil,Baixo,1,1 colher (sopa) chia | 120 ml leite ou bebida sem açúcar | 1/2 unidade amassada banana | 1 pitada canela,Misture a chia com o leite e deixe descansar por 10 minutos. | Junte a banana amassada e a canela. | Leve à geladeira por pelo menos 2 horas ou de um dia para o outro.,Troque a fruta por outra madura da estação quando a textura permitir. | Canela e cacau podem ser usados apenas quando combinarem com a receita.,"Para servir mais pessoas, multiplique as quantidades mantendo a mesma proporção dos ingredientes.",Não é a melhor opção para congelar.,Guarde as sobras refrigeradas e consuma em até 2 dias.,"Uma forma simples de preparar algo doce usando chia, leite ou bebida sem açúcar e banana, com porção pequena e poucos passos.",As áreas de interesse são filtros editoriais de navegação e não indicam tratamento de sintomas ou doenças. Conteúdo alimentar e educacional; não substitui orientação individual de profissional de saúde.
R227,227,pudim-de-chia-com-manga,Pudim de chia com manga,Sobremesas e doces simples,Intestino e digestão,5 min | econômica | sem fogão | iniciante,5,Fácil,Baixo,1,1 colher (sopa) chia | 120 ml leite ou bebida sem açúcar | 1/2 xícara picada manga | 1 pitada canela,Misture a chia com o leite e deixe descansar por 10 minutos. | Junte a manga picada e a canela. | Leve à geladeira por pelo menos 2 horas.,Troque a fruta por outra madura da estação quando a textura permitir. | Canela e cacau podem ser usados apenas quando combinarem com a receita.,"Para servir mais pessoas, multiplique as quantidades mantendo a mesma proporção dos ingredientes.",Não é a melhor opção para congelar.,Guarde as sobras refrigeradas e consuma em até 2 dias.,"Uma forma simples de preparar algo doce usando chia, leite ou bebida sem açúcar e manga, com porção pequena e poucos passos.",As áreas de interesse são filtros editoriais de navegação e não indicam tratamento de sintomas ou doenças. Conteúdo alimentar e educacional; não substitui orientação individual de profissional de saúde.
R228,228,pudim-de-chia-com-cacau-e-banana,Pudim de chia com cacau e banana,Sobremesas e doces simples,Sono e rotina noturna | Intestino e digestão,5 min | econômica | sem fogão | iniciante,5,Fácil,Baixo,1,1 colher (sopa) chia | 120 ml leite ou bebida sem açúcar | 1/2 unidade amassada banana | 1 colher (chá) cacau em pó,"Misture a chia, o leite, a banana amassada e o cacau. | Deixe descansar por 10 minutos e mexa novamente. | Leve à geladeira por pelo menos 2 horas.",Troque a fruta por outra madura da estação quando a textura permitir. | Canela e cacau podem ser usados apenas quando combinarem com a receita.,"Para servir mais pessoas, multiplique as quantidades mantendo a mesma proporção dos ingredientes.",Não é a melhor opção para congelar.,Guarde as sobras refrigeradas e consuma em até 2 dias.,"Uma forma simples de preparar algo doce usando chia, leite ou bebida sem açúcar e banana, com porção pequena e poucos passos.",As áreas de interesse são filtros editoriais de navegação e não indicam tratamento de sintomas ou doenças. Conteúdo alimentar e educacional; não substitui orientação individual de profissional de saúde.
R229,229,bolo-de-caneca-de-banana-e-aveia,Bolo de caneca de banana e aveia,Sobremesas e doces simples,Sono e rotina noturna | Intestino e digestão | Peso e saciedade,até 20 min | econômica | iniciante,12,Fácil,Baixo,1,1 unidade pequena banana madura | 2 colheres (sopa) aveia em flocos finos | 1 unidade ovo | 1 pitada canela,"Amasse a banana em uma caneca grande. | Misture o ovo, a aveia e a canela. | Leve ao micro-ondas por 1 minuto e 30 segundos a 2 minutos, verificando o ponto.",Troque a fruta por outra madura da estação quando a textura permitir. | Canela e cacau podem ser usados apenas quando combinarem com a receita.,"Para servir mais pessoas, multiplique as quantidades mantendo a mesma proporção dos ingredientes.",Não é a melhor opção para congelar.,Guarde as sobras refrigeradas e consuma em até 2 dias.,"Uma forma simples de preparar algo doce usando banana madura, aveia em flocos finos e ovo, com porção pequena e poucos passos.",As áreas de interesse são filtros editoriais de navegação e não indicam tratamento de sintomas ou doenças. Conteúdo alimentar e educacional; não substitui orientação individual de profissional de saúde.
R230,230,bolo-de-caneca-de-maca-aveia-e-canela,"Bolo de caneca de maçã, aveia e canela",Sobremesas e doces simples,Sono e rotina noturna | Intestino e digestão | Peso e saciedade,até 20 min | econômica | iniciante,12,Fácil,Baixo,1,1/2 unidade maçã ralada | 2 colheres (sopa) aveia em flocos finos | 1 unidade ovo | 1 pitada canela,"Misture a maçã ralada, o ovo, a aveia e a canela em uma caneca grande. | Leve ao micro-ondas por 1 minuto e 30 segundos a 2 minutos. | Espere 1 minuto antes de consumir.",Troque a fruta por outra madura da estação quando a textura permitir. | Canela e cacau podem ser usados apenas quando combinarem com a receita.,"Para servir mais pessoas, multiplique as quantidades mantendo a mesma proporção dos ingredientes.",Não é a melhor opção para congelar.,Guarde as sobras refrigeradas e consuma em até 2 dias.,"Uma forma simples de preparar algo doce usando maçã ralada, aveia em flocos finos e ovo, com porção pequena e poucos passos.",As áreas de interesse são filtros editoriais de navegação e não indicam tratamento de sintomas ou doenças. Conteúdo alimentar e educacional; não substitui orientação individual de profissional de saúde.
R231,231,vitamina-de-banana-com-aveia,Vitamina de banana com aveia,Sucos e vitaminas,Intestino e digestão | Peso e saciedade | Sono e rotina noturna,5 min | econômica | sem fogão | iniciante,5,Fácil,Baixo,1,1 porção banana | 2 colheres (sopa) aveia | 200 ml leite ou iogurte diluído,"Coloque todos os ingredientes no liquidificador. | Bata até ficar homogêneo. | Consuma logo após o preparo, sem necessidade de coar quando a textura permitir.",Troque a fruta por outra disponível com textura semelhante. | Use água ou iogurte/leite quando indicado para ajustar a consistência.,"Para servir mais pessoas, multiplique as quantidades mantendo a mesma proporção dos ingredientes.",Não é a melhor opção para congelar.,Guarde as sobras refrigeradas e consuma em até 2 dias.,"Bebida prática com banana, aveia e leite ou iogurte diluído, feita com ingredientes comuns e sem necessidade de produtos especiais.",As áreas de interesse são filtros editoriais de navegação e não indicam tratamento de sintomas ou doenças. Conteúdo alimentar e educacional; não substitui orientação individual de profissional de saúde.
R232,232,vitamina-de-mamao-com-aveia,Vitamina de mamão com aveia,Sucos e vitaminas,Intestino e digestão | Peso e saciedade | Sono e rotina noturna,5 min | econômica | sem fogão | iniciante,5,Fácil,Baixo,1,1 porção mamão | 2 colheres (sopa) aveia | 200 ml leite ou iogurte diluído,"Coloque todos os ingredientes no liquidificador. | Bata até ficar homogêneo. | Consuma logo após o preparo, sem necessidade de coar quando a textura permitir.",Troque a fruta por outra disponível com textura semelhante. | Use água ou iogurte/leite quando indicado para ajustar a consistência.,"Para servir mais pessoas, multiplique as quantidades mantendo a mesma proporção dos ingredientes.",Não é a melhor opção para congelar.,Guarde as sobras refrigeradas e consuma em até 2 dias.,"Bebida prática com mamão, aveia e leite ou iogurte diluído, feita com ingredientes comuns e sem necessidade de produtos especiais.",As áreas de interesse são filtros editoriais de navegação e não indicam tratamento de sintomas ou doenças. Conteúdo alimentar e educacional; não substitui orientação individual de profissional de saúde.
R233,233,vitamina-de-manga-com-iogurte,Vitamina de manga com iogurte,Sucos e vitaminas,Sono e rotina noturna | Energia e disposição,5 min | econômica | sem fogão | iniciante,5,Fácil,Baixo,1,1 porção manga | 1 pote (160 a 170 g) iogurte natural | 200 ml leite ou iogurte diluído,"Coloque todos os ingredientes no liquidificador. | Bata até ficar homogêneo. | Consuma logo após o preparo, sem necessidade de coar quando a textura permitir.",Troque a fruta por outra disponível com textura semelhante. | Use água ou iogurte/leite quando indicado para ajustar a consistência.,"Para servir mais pessoas, multiplique as quantidades mantendo a mesma proporção dos ingredientes.",Não é a melhor opção para congelar.,Guarde as sobras refrigeradas e consuma em até 2 dias.,"Bebida prática com manga, iogurte natural e leite ou iogurte diluído, feita com ingredientes comuns e sem necessidade de produtos especiais.",As áreas de interesse são filtros editoriais de navegação e não indicam tratamento de sintomas ou doenças. Conteúdo alimentar e educacional; não substitui orientação individual de profissional de saúde.
R234,234,vitamina-de-banana-com-cacau,Vitamina de banana com cacau,Sucos e vitaminas,Sono e rotina noturna | Energia e disposição,5 min | econômica | sem fogão | iniciante,5,Fácil,Baixo,1,1 porção banana | 1 porção pequena cacau em pó | 200 ml leite ou iogurte diluído,"Coloque todos os ingredientes no liquidificador. | Bata até ficar homogêneo. | Consuma logo após o preparo, sem necessidade de coar quando a textura permitir.",Troque a fruta por outra disponível com textura semelhante. | Use água ou iogurte/leite quando indicado para ajustar a consistência.,"Para servir mais pessoas, multiplique as quantidades mantendo a mesma proporção dos ingredientes.",Não é a melhor opção para congelar.,Guarde as sobras refrigeradas e consuma em até 2 dias.,"Bebida prática com banana, cacau em pó e leite ou iogurte diluído, feita com ingredientes comuns e sem necessidade de produtos especiais.",As áreas de interesse são filtros editoriais de navegação e não indicam tratamento de sintomas ou doenças. Conteúdo alimentar e educacional; não substitui orientação individual de profissional de saúde.
R235,235,vitamina-de-banana-mamao-e-aveia,"Vitamina de banana, mamão e aveia",Sucos e vitaminas,Intestino e digestão | Peso e saciedade | Sono e rotina noturna,5 min | econômica | sem fogão | iniciante,5,Fácil,Baixo,1,1 porção banana e mamão | 2 colheres (sopa) aveia | 200 ml leite ou iogurte diluído,"Coloque todos os ingredientes no liquidificador. | Bata até ficar homogêneo. | Consuma logo após o preparo, sem necessidade de coar quando a textura permitir.",Troque a fruta por outra disponível com textura semelhante. | Use água ou iogurte/leite quando indicado para ajustar a consistência.,"Para servir mais pessoas, multiplique as quantidades mantendo a mesma proporção dos ingredientes.",Não é a melhor opção para congelar.,Guarde as sobras refrigeradas e consuma em até 2 dias.,"Bebida prática com banana e mamão, aveia e leite ou iogurte diluído, feita com ingredientes comuns e sem necessidade de produtos especiais.",As áreas de interesse são filtros editoriais de navegação e não indicam tratamento de sintomas ou doenças. Conteúdo alimentar e educacional; não substitui orientação individual de profissional de saúde.
R236,236,vitamina-de-maca-aveia-e-canela,"Vitamina de maçã, aveia e canela",Sucos e vitaminas,Intestino e digestão | Peso e saciedade | Sono e rotina noturna,5 min | econômica | sem fogão | iniciante,5,Fácil,Baixo,1,1 porção maçã | 2 colheres (sopa) aveia | 200 ml leite ou iogurte diluído,"Coloque todos os ingredientes no liquidificador. | Bata até ficar homogêneo. | Consuma logo após o preparo, sem necessidade de coar quando a textura permitir.",Troque a fruta por outra disponível com textura semelhante. | Use água ou iogurte/leite quando indicado para ajustar a consistência.,"Para servir mais pessoas, multiplique as quantidades mantendo a mesma proporção dos ingredientes.",Não é a melhor opção para congelar.,Guarde as sobras refrigeradas e consuma em até 2 dias.,"Bebida prática com maçã, aveia e leite ou iogurte diluído, feita com ingredientes comuns e sem necessidade de produtos especiais.",As áreas de interesse são filtros editoriais de navegação e não indicam tratamento de sintomas ou doenças. Conteúdo alimentar e educacional; não substitui orientação individual de profissional de saúde.
R237,237,vitamina-de-pera-e-aveia,Vitamina de pera e aveia,Sucos e vitaminas,Intestino e digestão | Peso e saciedade | Sono e rotina noturna,5 min | econômica | sem fogão | iniciante,5,Fácil,Baixo,1,1 porção pera | 2 colheres (sopa) aveia | 200 ml leite ou iogurte diluído,"Coloque todos os ingredientes no liquidificador. | Bata até ficar homogêneo. | Consuma logo após o preparo, sem necessidade de coar quando a textura permitir.",Troque a fruta por outra disponível com textura semelhante. | Use água ou iogurte/leite quando indicado para ajustar a consistência.,"Para servir mais pessoas, multiplique as quantidades mantendo a mesma proporção dos ingredientes.",Não é a melhor opção para congelar.,Guarde as sobras refrigeradas e consuma em até 2 dias.,"Bebida prática com pera, aveia e leite ou iogurte diluído, feita com ingredientes comuns e sem necessidade de produtos especiais.",As áreas de interesse são filtros editoriais de navegação e não indicam tratamento de sintomas ou doenças. Conteúdo alimentar e educacional; não substitui orientação individual de profissional de saúde.
R238,238,vitamina-de-banana-e-pasta-de-amendoim,Vitamina de banana e pasta de amendoim,Sucos e vitaminas,Sono e rotina noturna | Energia e disposição,5 min | econômica | sem fogão | iniciante,5,Fácil,Baixo,1,1 porção banana | 1 colher (sopa) pasta de amendoim | 200 ml leite ou iogurte diluído,"Coloque todos os ingredientes no liquidificador. | Bata até ficar homogêneo. | Consuma logo após o preparo, sem necessidade de coar quando a textura permitir.",Troque a fruta por outra disponível com textura semelhante. | Use água ou iogurte/leite quando indicado para ajustar a consistência.,"Para servir mais pessoas, multiplique as quantidades mantendo a mesma proporção dos ingredientes.",Não é a melhor opção para congelar.,Guarde as sobras refrigeradas e consuma em até 2 dias.,"Bebida prática com banana, pasta de amendoim e leite ou iogurte diluído, feita com ingredientes comuns e sem necessidade de produtos especiais.",As áreas de interesse são filtros editoriais de navegação e não indicam tratamento de sintomas ou doenças. Conteúdo alimentar e educacional; não substitui orientação individual de profissional de saúde.
R239,239,vitamina-de-mamao-e-linhaca,Vitamina de mamão e linhaça,Sucos e vitaminas,Intestino e digestão | Peso e saciedade | Sono e rotina noturna,5 min | econômica | sem fogão | iniciante,5,Fácil,Baixo,1,1 porção mamão | 1 colher (sopa) linhaça | 200 ml leite ou iogurte diluído,"Coloque todos os ingredientes no liquidificador. | Bata até ficar homogêneo. | Consuma logo após o preparo, sem necessidade de coar quando a textura permitir.",Troque a fruta por outra disponível com textura semelhante. | Use água ou iogurte/leite quando indicado para ajustar a consistência.,"Para servir mais pessoas, multiplique as quantidades mantendo a mesma proporção dos ingredientes.",Não é a melhor opção para congelar.,Guarde as sobras refrigeradas e consuma em até 2 dias.,"Bebida prática com mamão, linhaça e leite ou iogurte diluído, feita com ingredientes comuns e sem necessidade de produtos especiais.",As áreas de interesse são filtros editoriais de navegação e não indicam tratamento de sintomas ou doenças. Conteúdo alimentar e educacional; não substitui orientação individual de profissional de saúde.
R240,240,vitamina-de-manga-e-chia,Vitamina de manga e chia,Sucos e vitaminas,Intestino e digestão | Peso e saciedade | Sono e rotina noturna,5 min | econômica | sem fogão | iniciante,5,Fácil,Baixo,1,1 porção manga | 1 colher (sopa) chia | 200 ml leite ou iogurte diluído,"Coloque todos os ingredientes no liquidificador. | Bata até ficar homogêneo. | Consuma logo após o preparo, sem necessidade de coar quando a textura permitir.",Troque a fruta por outra disponível com textura semelhante. | Use água ou iogurte/leite quando indicado para ajustar a consistência.,"Para servir mais pessoas, multiplique as quantidades mantendo a mesma proporção dos ingredientes.",Não é a melhor opção para congelar.,Guarde as sobras refrigeradas e consuma em até 2 dias.,"Bebida prática com manga, chia e leite ou iogurte diluído, feita com ingredientes comuns e sem necessidade de produtos especiais.",As áreas de interesse são filtros editoriais de navegação e não indicam tratamento de sintomas ou doenças. Conteúdo alimentar e educacional; não substitui orientação individual de profissional de saúde.
R241,241,suco-de-laranja-com-cenoura,Suco de laranja com cenoura,Sucos e vitaminas,Energia e disposição,5 min | econômica | sem fogão | iniciante,5,Fácil,Baixo,1,1 porção laranja | 1 unidade pequena cenoura | 200 ml água gelada,"Coloque todos os ingredientes no liquidificador. | Bata até ficar homogêneo. | Consuma logo após o preparo, sem necessidade de coar quando a textura permitir.",Troque a fruta por outra disponível com textura semelhante. | Use água ou iogurte/leite quando indicado para ajustar a consistência.,"Para servir mais pessoas, multiplique as quantidades mantendo a mesma proporção dos ingredientes.",Não é a melhor opção para congelar.,Guarde as sobras refrigeradas e consuma em até 2 dias.,"Bebida prática com laranja, cenoura e água gelada, feita com ingredientes comuns e sem necessidade de produtos especiais.",As áreas de interesse são filtros editoriais de navegação e não indicam tratamento de sintomas ou doenças. Conteúdo alimentar e educacional; não substitui orientação individual de profissional de saúde.
R242,242,suco-de-laranja-com-beterraba,Suco de laranja com beterraba,Sucos e vitaminas,Circulação,5 min | econômica | sem fogão | iniciante,5,Fácil,Baixo,1,1 porção laranja | 1 porção pequena beterraba | 200 ml água gelada,"Coloque todos os ingredientes no liquidificador. | Bata até ficar homogêneo. | Consuma logo após o preparo, sem necessidade de coar quando a textura permitir.",Troque a fruta por outra disponível com textura semelhante. | Use água ou iogurte/leite quando indicado para ajustar a consistência.,"Para servir mais pessoas, multiplique as quantidades mantendo a mesma proporção dos ingredientes.",Não é a melhor opção para congelar.,Guarde as sobras refrigeradas e consuma em até 2 dias.,"Bebida prática com laranja, beterraba e água gelada, feita com ingredientes comuns e sem necessidade de produtos especiais.",As áreas de interesse são filtros editoriais de navegação e não indicam tratamento de sintomas ou doenças. Conteúdo alimentar e educacional; não substitui orientação individual de profissional de saúde.
R243,243,suco-de-laranja-com-couve,Suco de laranja com couve,Sucos e vitaminas,Circulação,5 min | econômica | sem fogão | iniciante,5,Fácil,Baixo,1,1 porção laranja | 1 xícara fatiada couve | 200 ml água gelada,"Coloque todos os ingredientes no liquidificador. | Bata até ficar homogêneo. | Consuma logo após o preparo, sem necessidade de coar quando a textura permitir.",Troque a fruta por outra disponível com textura semelhante. | Use água ou iogurte/leite quando indicado para ajustar a consistência.,"Para servir mais pessoas, multiplique as quantidades mantendo a mesma proporção dos ingredientes.",Não é a melhor opção para congelar.,Guarde as sobras refrigeradas e consuma em até 2 dias.,"Bebida prática com laranja, couve e água gelada, feita com ingredientes comuns e sem necessidade de produtos especiais.",As áreas de interesse são filtros editoriais de navegação e não indicam tratamento de sintomas ou doenças. Conteúdo alimentar e educacional; não substitui orientação individual de profissional de saúde.
R244,244,suco-de-limao-com-couve-e-maca,Suco de limão com couve e maçã,Sucos e vitaminas,Circulação,5 min | econômica | sem fogão | iniciante,5,Fácil,Baixo,1,1/2 unidade limão | 1 folha couve | 1/2 unidade maçã | 250 ml água gelada,"Coloque todos os ingredientes no liquidificador. | Bata até ficar homogêneo. | Consuma logo após o preparo, sem necessidade de coar quando a textura permitir.",Troque a fruta por outra disponível com textura semelhante. | Use água ou iogurte/leite quando indicado para ajustar a consistência.,"Para servir mais pessoas, multiplique as quantidades mantendo a mesma proporção dos ingredientes.",Não é a melhor opção para congelar.,Guarde as sobras refrigeradas e consuma em até 2 dias.,"Bebida prática com limão, couve e maçã, feita com ingredientes comuns e sem necessidade de produtos especiais.",As áreas de interesse são filtros editoriais de navegação e não indicam tratamento de sintomas ou doenças. Conteúdo alimentar e educacional; não substitui orientação individual de profissional de saúde.
R245,245,suco-de-abacaxi-com-hortela,Suco de abacaxi com hortelã,Sucos e vitaminas,Energia e disposição,5 min | econômica | sem fogão | iniciante,5,Fácil,Baixo,1,1 porção abacaxi | 1 porção pequena hortelã | 200 ml água gelada,"Coloque todos os ingredientes no liquidificador. | Bata até ficar homogêneo. | Consuma logo após o preparo, sem necessidade de coar quando a textura permitir.",Troque a fruta por outra disponível com textura semelhante. | Use água ou iogurte/leite quando indicado para ajustar a consistência.,"Para servir mais pessoas, multiplique as quantidades mantendo a mesma proporção dos ingredientes.",Não é a melhor opção para congelar.,Guarde as sobras refrigeradas e consuma em até 2 dias.,"Bebida prática com abacaxi, hortelã e água gelada, feita com ingredientes comuns e sem necessidade de produtos especiais.",As áreas de interesse são filtros editoriais de navegação e não indicam tratamento de sintomas ou doenças. Conteúdo alimentar e educacional; não substitui orientação individual de profissional de saúde.
R246,246,suco-de-abacaxi-com-gengibre,Suco de abacaxi com gengibre,Sucos e vitaminas,Dores e incômodos físicos,5 min | econômica | sem fogão | iniciante,5,Fácil,Baixo,1,1 porção abacaxi | 1 colher (chá) ralado gengibre | 200 ml água gelada,"Coloque todos os ingredientes no liquidificador. | Bata até ficar homogêneo. | Consuma logo após o preparo, sem necessidade de coar quando a textura permitir.",Troque a fruta por outra disponível com textura semelhante. | Use água ou iogurte/leite quando indicado para ajustar a consistência.,"Para servir mais pessoas, multiplique as quantidades mantendo a mesma proporção dos ingredientes.",Não é a melhor opção para congelar.,Guarde as sobras refrigeradas e consuma em até 2 dias.,"Bebida prática com abacaxi, gengibre e água gelada, feita com ingredientes comuns e sem necessidade de produtos especiais.",As áreas de interesse são filtros editoriais de navegação e não indicam tratamento de sintomas ou doenças. Conteúdo alimentar e educacional; não substitui orientação individual de profissional de saúde.
R247,247,suco-de-melancia-com-limao,Suco de melancia com limão,Sucos e vitaminas,Energia e disposição,5 min | econômica | sem fogão | iniciante,5,Fácil,Baixo,1,1 porção melancia | 1 unidade limão | 200 ml água gelada,"Coloque todos os ingredientes no liquidificador. | Bata até ficar homogêneo. | Consuma logo após o preparo, sem necessidade de coar quando a textura permitir.",Troque a fruta por outra disponível com textura semelhante. | Use água ou iogurte/leite quando indicado para ajustar a consistência.,"Para servir mais pessoas, multiplique as quantidades mantendo a mesma proporção dos ingredientes.",Não é a melhor opção para congelar.,Guarde as sobras refrigeradas e consuma em até 2 dias.,"Bebida prática com melancia, limão e água gelada, feita com ingredientes comuns e sem necessidade de produtos especiais.",As áreas de interesse são filtros editoriais de navegação e não indicam tratamento de sintomas ou doenças. Conteúdo alimentar e educacional; não substitui orientação individual de profissional de saúde.
R248,248,suco-de-melancia-com-hortela,Suco de melancia com hortelã,Sucos e vitaminas,Energia e disposição,5 min | econômica | sem fogão | iniciante,5,Fácil,Baixo,1,1 porção melancia | 1 porção pequena hortelã | 200 ml água gelada,"Coloque todos os ingredientes no liquidificador. | Bata até ficar homogêneo. | Consuma logo após o preparo, sem necessidade de coar quando a textura permitir.",Troque a fruta por outra disponível com textura semelhante. | Use água ou iogurte/leite quando indicado para ajustar a consistência.,"Para servir mais pessoas, multiplique as quantidades mantendo a mesma proporção dos ingredientes.",Não é a melhor opção para congelar.,Guarde as sobras refrigeradas e consuma em até 2 dias.,"Bebida prática com melancia, hortelã e água gelada, feita com ingredientes comuns e sem necessidade de produtos especiais.",As áreas de interesse são filtros editoriais de navegação e não indicam tratamento de sintomas ou doenças. Conteúdo alimentar e educacional; não substitui orientação individual de profissional de saúde.
R249,249,suco-de-acerola-com-laranja,Suco de acerola com laranja,Sucos e vitaminas,Energia e disposição,5 min | econômica | sem fogão | iniciante,5,Fácil,Baixo,1,1 porção acerola | 1 porção pequena laranja | 200 ml água gelada,"Coloque todos os ingredientes no liquidificador. | Bata até ficar homogêneo. | Consuma logo após o preparo, sem necessidade de coar quando a textura permitir.",Troque a fruta por outra disponível com textura semelhante. | Use água ou iogurte/leite quando indicado para ajustar a consistência.,"Para servir mais pessoas, multiplique as quantidades mantendo a mesma proporção dos ingredientes.",Não é a melhor opção para congelar.,Guarde as sobras refrigeradas e consuma em até 2 dias.,"Bebida prática com acerola, laranja e água gelada, feita com ingredientes comuns e sem necessidade de produtos especiais.",As áreas de interesse são filtros editoriais de navegação e não indicam tratamento de sintomas ou doenças. Conteúdo alimentar e educacional; não substitui orientação individual de profissional de saúde.
R250,250,suco-de-maracuja-com-maca,Suco de maracujá com maçã,Sucos e vitaminas,Sono e rotina noturna,5 min | econômica | sem fogão | iniciante,5,Fácil,Baixo,1,1 porção maracujá | 1 porção pequena maçã | 200 ml água gelada,"Coloque todos os ingredientes no liquidificador. | Bata até ficar homogêneo. | Consuma logo após o preparo, sem necessidade de coar quando a textura permitir.",Troque a fruta por outra disponível com textura semelhante. | Use água ou iogurte/leite quando indicado para ajustar a consistência.,"Para servir mais pessoas, multiplique as quantidades mantendo a mesma proporção dos ingredientes.",Não é a melhor opção para congelar.,Guarde as sobras refrigeradas e consuma em até 2 dias.,"Bebida prática com maracujá, maçã e água gelada, feita com ingredientes comuns e sem necessidade de produtos especiais.",As áreas de interesse são filtros editoriais de navegação e não indicam tratamento de sintomas ou doenças. Conteúdo alimentar e educacional; não substitui orientação individual de profissional de saúde.
R251,251,bebida-de-beterraba-laranja-e-gengibre,"Bebida de beterraba, laranja e gengibre",Sucos e vitaminas,Dores e incômodos físicos | Circulação,5 min | econômica | sem fogão | iniciante,5,Fácil,Baixo,1,1 porção beterraba | 1 porção pequena laranja | 200 ml água gelada | 1 colher (chá) gengibre ralado,"Coloque todos os ingredientes no liquidificador. | Bata até ficar homogêneo. | Consuma logo após o preparo, sem necessidade de coar quando a textura permitir.",Troque a fruta por outra disponível com textura semelhante. | Use água ou iogurte/leite quando indicado para ajustar a consistência.,"Para servir mais pessoas, multiplique as quantidades mantendo a mesma proporção dos ingredientes.",Não é a melhor opção para congelar.,Guarde as sobras refrigeradas e consuma em até 2 dias.,"Bebida prática com beterraba, laranja e água gelada, feita com ingredientes comuns e sem necessidade de produtos especiais.",As áreas de interesse são filtros editoriais de navegação e não indicam tratamento de sintomas ou doenças. Conteúdo alimentar e educacional; não substitui orientação individual de profissional de saúde.
R252,252,bebida-de-cenoura-laranja-e-gengibre,"Bebida de cenoura, laranja e gengibre",Sucos e vitaminas,Dores e incômodos físicos,5 min | econômica | sem fogão | iniciante,5,Fácil,Baixo,1,1 unidade pequena cenoura | 1 porção pequena laranja | 200 ml água gelada | 1 colher (chá) gengibre ralado,"Coloque todos os ingredientes no liquidificador. | Bata até ficar homogêneo. | Consuma logo após o preparo, sem necessidade de coar quando a textura permitir.",Troque a fruta por outra disponível com textura semelhante. | Use água ou iogurte/leite quando indicado para ajustar a consistência.,"Para servir mais pessoas, multiplique as quantidades mantendo a mesma proporção dos ingredientes.",Não é a melhor opção para congelar.,Guarde as sobras refrigeradas e consuma em até 2 dias.,"Bebida prática com cenoura, laranja e água gelada, feita com ingredientes comuns e sem necessidade de produtos especiais.",As áreas de interesse são filtros editoriais de navegação e não indicam tratamento de sintomas ou doenças. Conteúdo alimentar e educacional; não substitui orientação individual de profissional de saúde.
R253,253,bebida-de-limao-maca-e-hortela,"Bebida de limão, maçã e hortelã",Sucos e vitaminas,Energia e disposição,5 min | econômica | sem fogão | iniciante,5,Fácil,Baixo,1,1 unidade limão | 1 porção pequena maçã | 200 ml água gelada,"Coloque todos os ingredientes no liquidificador. | Bata até ficar homogêneo. | Consuma logo após o preparo, sem necessidade de coar quando a textura permitir.",Troque a fruta por outra disponível com textura semelhante. | Use água ou iogurte/leite quando indicado para ajustar a consistência.,"Para servir mais pessoas, multiplique as quantidades mantendo a mesma proporção dos ingredientes.",Não é a melhor opção para congelar.,Guarde as sobras refrigeradas e consuma em até 2 dias.,"Bebida prática com limão, maçã e água gelada, feita com ingredientes comuns e sem necessidade de produtos especiais.",As áreas de interesse são filtros editoriais de navegação e não indicam tratamento de sintomas ou doenças. Conteúdo alimentar e educacional; não substitui orientação individual de profissional de saúde.
R254,254,bebida-de-mamao-laranja-e-aveia,"Bebida de mamão, laranja e aveia",Sucos e vitaminas,Sono e rotina noturna | Intestino e digestão,5 min | econômica | sem fogão | iniciante,5,Fácil,Baixo,1,1/2 xícara mamão | 1 unidade laranja | 1 colher (sopa) aveia em flocos | 150 ml água gelada,"Coloque todos os ingredientes no liquidificador. | Bata até ficar homogêneo. | Consuma logo após o preparo, sem necessidade de coar quando a textura permitir.",Troque a fruta por outra disponível com textura semelhante. | Use água ou iogurte/leite quando indicado para ajustar a consistência.,"Para servir mais pessoas, multiplique as quantidades mantendo a mesma proporção dos ingredientes.",Não é a melhor opção para congelar.,Guarde as sobras refrigeradas e consuma em até 2 dias.,"Bebida prática com mamão, laranja e aveia em flocos, feita com ingredientes comuns e sem necessidade de produtos especiais.",As áreas de interesse são filtros editoriais de navegação e não indicam tratamento de sintomas ou doenças. Conteúdo alimentar e educacional; não substitui orientação individual de profissional de saúde.
R255,255,bebida-de-manga-limao-e-gengibre,"Bebida de manga, limão e gengibre",Sucos e vitaminas,Dores e incômodos físicos,5 min | econômica | sem fogão | iniciante,5,Fácil,Baixo,1,1 porção manga | 1 unidade limão | 200 ml água gelada | 1 colher (chá) gengibre ralado,"Coloque todos os ingredientes no liquidificador. | Bata até ficar homogêneo. | Consuma logo após o preparo, sem necessidade de coar quando a textura permitir.",Troque a fruta por outra disponível com textura semelhante. | Use água ou iogurte/leite quando indicado para ajustar a consistência.,"Para servir mais pessoas, multiplique as quantidades mantendo a mesma proporção dos ingredientes.",Não é a melhor opção para congelar.,Guarde as sobras refrigeradas e consuma em até 2 dias.,"Bebida prática com manga, limão e água gelada, feita com ingredientes comuns e sem necessidade de produtos especiais.",As áreas de interesse são filtros editoriais de navegação e não indicam tratamento de sintomas ou doenças. Conteúdo alimentar e educacional; não substitui orientação individual de profissional de saúde.
R256,256,vitamina-de-banana-aveia-e-canela,"Vitamina de banana, aveia e canela",Sucos e vitaminas,Intestino e digestão | Peso e saciedade | Sono e rotina noturna,5 min | econômica | sem fogão | iniciante,5,Fácil,Baixo,1,1 porção banana | 2 colheres (sopa) aveia | 200 ml leite ou iogurte diluído,"Coloque todos os ingredientes no liquidificador. | Bata até ficar homogêneo. | Consuma logo após o preparo, sem necessidade de coar quando a textura permitir.",Troque a fruta por outra disponível com textura semelhante. | Use água ou iogurte/leite quando indicado para ajustar a consistência.,"Para servir mais pessoas, multiplique as quantidades mantendo a mesma proporção dos ingredientes.",Não é a melhor opção para congelar.,Guarde as sobras refrigeradas e consuma em até 2 dias.,"Bebida prática com banana, aveia e leite ou iogurte diluído, feita com ingredientes comuns e sem necessidade de produtos especiais.",As áreas de interesse são filtros editoriais de navegação e não indicam tratamento de sintomas ou doenças. Conteúdo alimentar e educacional; não substitui orientação individual de profissional de saúde.
R257,257,vitamina-de-mamao-iogurte-e-chia,"Vitamina de mamão, iogurte e chia",Sucos e vitaminas,Intestino e digestão | Peso e saciedade | Sono e rotina noturna,5 min | econômica | sem fogão | iniciante,5,Fácil,Baixo,1,1 porção mamão | 1 colher (sopa) chia | 200 ml leite ou iogurte diluído,"Coloque todos os ingredientes no liquidificador. | Bata até ficar homogêneo. | Consuma logo após o preparo, sem necessidade de coar quando a textura permitir.",Troque a fruta por outra disponível com textura semelhante. | Use água ou iogurte/leite quando indicado para ajustar a consistência.,"Para servir mais pessoas, multiplique as quantidades mantendo a mesma proporção dos ingredientes.",Não é a melhor opção para congelar.,Guarde as sobras refrigeradas e consuma em até 2 dias.,"Bebida prática com mamão, chia e leite ou iogurte diluído, feita com ingredientes comuns e sem necessidade de produtos especiais.",As áreas de interesse são filtros editoriais de navegação e não indicam tratamento de sintomas ou doenças. Conteúdo alimentar e educacional; não substitui orientação individual de profissional de saúde.
R258,258,vitamina-de-maca-iogurte-e-aveia,"Vitamina de maçã, iogurte e aveia",Sucos e vitaminas,Intestino e digestão | Peso e saciedade | Sono e rotina noturna,5 min | econômica | sem fogão | iniciante,5,Fácil,Baixo,1,1/2 unidade maçã | 1/2 pote iogurte natural | 1 colher (sopa) aveia em flocos | 100 ml água,"Coloque todos os ingredientes no liquidificador. | Bata até ficar homogêneo. | Consuma logo após o preparo, sem necessidade de coar quando a textura permitir.",Troque a fruta por outra disponível com textura semelhante. | Use água ou iogurte/leite quando indicado para ajustar a consistência.,"Para servir mais pessoas, multiplique as quantidades mantendo a mesma proporção dos ingredientes.",Não é a melhor opção para congelar.,Guarde as sobras refrigeradas e consuma em até 2 dias.,"Bebida prática com maçã, iogurte natural e aveia em flocos, feita com ingredientes comuns e sem necessidade de produtos especiais.",As áreas de interesse são filtros editoriais de navegação e não indicam tratamento de sintomas ou doenças. Conteúdo alimentar e educacional; não substitui orientação individual de profissional de saúde.
R259,259,vitamina-de-manga-aveia-e-canela,"Vitamina de manga, aveia e canela",Sucos e vitaminas,Intestino e digestão | Peso e saciedade | Sono e rotina noturna,5 min | econômica | sem fogão | iniciante,5,Fácil,Baixo,1,1 porção manga | 2 colheres (sopa) aveia | 200 ml leite ou iogurte diluído,"Coloque todos os ingredientes no liquidificador. | Bata até ficar homogêneo. | Consuma logo após o preparo, sem necessidade de coar quando a textura permitir.",Troque a fruta por outra disponível com textura semelhante. | Use água ou iogurte/leite quando indicado para ajustar a consistência.,"Para servir mais pessoas, multiplique as quantidades mantendo a mesma proporção dos ingredientes.",Não é a melhor opção para congelar.,Guarde as sobras refrigeradas e consuma em até 2 dias.,"Bebida prática com manga, aveia e leite ou iogurte diluído, feita com ingredientes comuns e sem necessidade de produtos especiais.",As áreas de interesse são filtros editoriais de navegação e não indicam tratamento de sintomas ou doenças. Conteúdo alimentar e educacional; não substitui orientação individual de profissional de saúde.
R260,260,vitamina-de-pera-iogurte-e-linhaca,"Vitamina de pera, iogurte e linhaça",Sucos e vitaminas,Intestino e digestão | Peso e saciedade | Sono e rotina noturna,5 min | econômica | sem fogão | iniciante,5,Fácil,Baixo,1,1 porção pera | 1 colher (sopa) linhaça | 200 ml leite ou iogurte diluído,"Coloque todos os ingredientes no liquidificador. | Bata até ficar homogêneo. | Consuma logo após o preparo, sem necessidade de coar quando a textura permitir.",Troque a fruta por outra disponível com textura semelhante. | Use água ou iogurte/leite quando indicado para ajustar a consistência.,"Para servir mais pessoas, multiplique as quantidades mantendo a mesma proporção dos ingredientes.",Não é a melhor opção para congelar.,Guarde as sobras refrigeradas e consuma em até 2 dias.,"Bebida prática com pera, linhaça e leite ou iogurte diluído, feita com ingredientes comuns e sem necessidade de produtos especiais.",As áreas de interesse são filtros editoriais de navegação e não indicam tratamento de sintomas ou doenças. Conteúdo alimentar e educacional; não substitui orientação individual de profissional de saúde.
R261,261,cha-de-camomila,Chá de camomila,Chás e bebidas,Sono e rotina noturna,até 10 min | econômica | iniciante,8,Fácil,Baixo,1,1 colher (sopa) ou 1 sachê camomila | 250 ml água,"Aqueça a água até começar a ferver e desligue. | Adicione os ingredientes, tampe e deixe em infusão por 5 a 8 minutos. | Coe se necessário e consuma sem adoçar ou com o mínimo possível.","Se algum ingrediente não fizer parte da sua rotina ou não for bem tolerado, escolha outra bebida simples da biblioteca.","Para servir mais pessoas, multiplique as quantidades mantendo a mesma proporção dos ingredientes.",Não é a melhor opção para congelar.,Guarde as sobras refrigeradas e consuma em até 2 dias.,"Uma bebida simples com camomila e água, pensada para variar a hidratação e a rotina sem complicação.",As áreas de interesse são filtros editoriais de navegação e não indicam tratamento de sintomas ou doenças. Conteúdo alimentar e educacional; não substitui orientação individual de profissional de saúde.
R262,262,cha-de-erva-cidreira,Chá de erva-cidreira,Chás e bebidas,Sono e rotina noturna,até 10 min | econômica | iniciante,8,Fácil,Baixo,1,1 colher (sopa) ou 1 sachê erva-cidreira | 250 ml água,"Aqueça a água até começar a ferver e desligue. | Adicione os ingredientes, tampe e deixe em infusão por 5 a 8 minutos. | Coe se necessário e consuma sem adoçar ou com o mínimo possível.","Se algum ingrediente não fizer parte da sua rotina ou não for bem tolerado, escolha outra bebida simples da biblioteca.","Para servir mais pessoas, multiplique as quantidades mantendo a mesma proporção dos ingredientes.",Não é a melhor opção para congelar.,Guarde as sobras refrigeradas e consuma em até 2 dias.,"Uma bebida simples com erva-cidreira e água, pensada para variar a hidratação e a rotina sem complicação.",As áreas de interesse são filtros editoriais de navegação e não indicam tratamento de sintomas ou doenças. Conteúdo alimentar e educacional; não substitui orientação individual de profissional de saúde.
R263,263,cha-de-hortela,Chá de hortelã,Chás e bebidas,Sono e rotina noturna,até 10 min | econômica | iniciante,8,Fácil,Baixo,1,1 colher (sopa) ou 1 sachê hortelã | 250 ml água,"Aqueça a água até começar a ferver e desligue. | Adicione os ingredientes, tampe e deixe em infusão por 5 a 8 minutos. | Coe se necessário e consuma sem adoçar ou com o mínimo possível.","Se algum ingrediente não fizer parte da sua rotina ou não for bem tolerado, escolha outra bebida simples da biblioteca.","Para servir mais pessoas, multiplique as quantidades mantendo a mesma proporção dos ingredientes.",Não é a melhor opção para congelar.,Guarde as sobras refrigeradas e consuma em até 2 dias.,"Uma bebida simples com hortelã e água, pensada para variar a hidratação e a rotina sem complicação.",As áreas de interesse são filtros editoriais de navegação e não indicam tratamento de sintomas ou doenças. Conteúdo alimentar e educacional; não substitui orientação individual de profissional de saúde.
R264,264,cha-de-gengibre-e-limao,Chá de gengibre e limão,Chás e bebidas,Dores e incômodos físicos | Sono e rotina noturna,até 10 min | econômica | iniciante,8,Fácil,Baixo,1,1 colher (chá) ralado gengibre | 250 ml água | 1 unidade limão,"Aqueça a água até começar a ferver e desligue. | Adicione os ingredientes, tampe e deixe em infusão por 5 a 8 minutos. | Coe se necessário e consuma sem adoçar ou com o mínimo possível.","Se algum ingrediente não fizer parte da sua rotina ou não for bem tolerado, escolha outra bebida simples da biblioteca.","Para servir mais pessoas, multiplique as quantidades mantendo a mesma proporção dos ingredientes.",Não é a melhor opção para congelar.,Guarde as sobras refrigeradas e consuma em até 2 dias.,"Uma bebida simples com gengibre, água e limão, pensada para variar a hidratação e a rotina sem complicação.",As áreas de interesse são filtros editoriais de navegação e não indicam tratamento de sintomas ou doenças. Conteúdo alimentar e educacional; não substitui orientação individual de profissional de saúde.
R265,265,cha-de-canela-com-maca,Chá de canela com maçã,Chás e bebidas,Sono e rotina noturna,até 10 min | econômica | iniciante,8,Fácil,Baixo,1,1/2 unidade em fatias maçã | 1 pedaço pequeno canela em pau | 250 ml água,"Ferva a água com as fatias de maçã e a canela por 3 minutos. | Desligue, tampe e deixe descansar por mais 5 minutos. | Coe se quiser e sirva morno.","Se algum ingrediente não fizer parte da sua rotina ou não for bem tolerado, escolha outra bebida simples da biblioteca.","Para servir mais pessoas, multiplique as quantidades mantendo a mesma proporção dos ingredientes.",Não é a melhor opção para congelar.,Guarde as sobras refrigeradas e consuma em até 2 dias.,"Uma bebida simples com maçã, canela em pau e água, pensada para variar a hidratação e a rotina sem complicação.",As áreas de interesse são filtros editoriais de navegação e não indicam tratamento de sintomas ou doenças. Conteúdo alimentar e educacional; não substitui orientação individual de profissional de saúde.
R266,266,cha-de-casca-de-abacaxi-com-canela,Chá de casca de abacaxi com canela,Chás e bebidas,Sono e rotina noturna,até 10 min | econômica | iniciante,8,Fácil,Baixo,1,1/2 xícara casca de abacaxi bem higienizada | 1 pedaço pequeno canela em pau | 300 ml água,"Ferva a casca de abacaxi com a canela na água por 5 minutos. | Desligue, tampe e deixe descansar por 5 minutos. | Coe e sirva morno ou gelado.","Se algum ingrediente não fizer parte da sua rotina ou não for bem tolerado, escolha outra bebida simples da biblioteca.","Para servir mais pessoas, multiplique as quantidades mantendo a mesma proporção dos ingredientes.",Não é a melhor opção para congelar.,Guarde as sobras refrigeradas e consuma em até 2 dias.,"Uma bebida simples com casca de abacaxi bem higienizada, canela em pau e água, pensada para variar a hidratação e a rotina sem complicação.",As áreas de interesse são filtros editoriais de navegação e não indicam tratamento de sintomas ou doenças. Conteúdo alimentar e educacional; não substitui orientação individual de profissional de saúde.
R267,267,cha-de-maracuja-com-camomila,Chá de maracujá com camomila,Chás e bebidas,Sono e rotina noturna,até 10 min | econômica | iniciante,8,Fácil,Baixo,1,1 colher (chá) ou 1 sachê camomila | 1 colher (sopa) polpa de maracujá | 250 ml água,"Aqueça a água até começar a ferver e desligue. | Adicione a camomila e a polpa de maracujá, tampe e deixe em infusão por 5 minutos. | Coe se desejar e sirva.","Se algum ingrediente não fizer parte da sua rotina ou não for bem tolerado, escolha outra bebida simples da biblioteca.","Para servir mais pessoas, multiplique as quantidades mantendo a mesma proporção dos ingredientes.",Não é a melhor opção para congelar.,Guarde as sobras refrigeradas e consuma em até 2 dias.,"Uma bebida simples com camomila, polpa de maracujá e água, pensada para variar a hidratação e a rotina sem complicação.",As áreas de interesse são filtros editoriais de navegação e não indicam tratamento de sintomas ou doenças. Conteúdo alimentar e educacional; não substitui orientação individual de profissional de saúde.
R268,268,cha-de-erva-doce,Chá de erva-doce,Chás e bebidas,Sono e rotina noturna,até 10 min | econômica | iniciante,8,Fácil,Baixo,1,1 colher (sopa) ou 1 sachê erva-doce | 250 ml água,"Aqueça a água até começar a ferver e desligue. | Adicione os ingredientes, tampe e deixe em infusão por 5 a 8 minutos. | Coe se necessário e consuma sem adoçar ou com o mínimo possível.","Se algum ingrediente não fizer parte da sua rotina ou não for bem tolerado, escolha outra bebida simples da biblioteca.","Para servir mais pessoas, multiplique as quantidades mantendo a mesma proporção dos ingredientes.",Não é a melhor opção para congelar.,Guarde as sobras refrigeradas e consuma em até 2 dias.,"Uma bebida simples com erva-doce e água, pensada para variar a hidratação e a rotina sem complicação.",As áreas de interesse são filtros editoriais de navegação e não indicam tratamento de sintomas ou doenças. Conteúdo alimentar e educacional; não substitui orientação individual de profissional de saúde.
R269,269,cha-de-hortela-com-limao,Chá de hortelã com limão,Chás e bebidas,Sono e rotina noturna,até 10 min | econômica | iniciante,8,Fácil,Baixo,1,1 colher (sopa) ou 1 sachê hortelã | 250 ml água | 1 unidade limão,"Aqueça a água até começar a ferver e desligue. | Adicione os ingredientes, tampe e deixe em infusão por 5 a 8 minutos. | Coe se necessário e consuma sem adoçar ou com o mínimo possível.","Se algum ingrediente não fizer parte da sua rotina ou não for bem tolerado, escolha outra bebida simples da biblioteca.","Para servir mais pessoas, multiplique as quantidades mantendo a mesma proporção dos ingredientes.",Não é a melhor opção para congelar.,Guarde as sobras refrigeradas e consuma em até 2 dias.,"Uma bebida simples com hortelã, água e limão, pensada para variar a hidratação e a rotina sem complicação.",As áreas de interesse são filtros editoriais de navegação e não indicam tratamento de sintomas ou doenças. Conteúdo alimentar e educacional; não substitui orientação individual de profissional de saúde.
R270,270,cha-de-gengibre-com-hortela,Chá de gengibre com hortelã,Chás e bebidas,Dores e incômodos físicos | Sono e rotina noturna,até 10 min | econômica | iniciante,8,Fácil,Baixo,1,2 fatias finas gengibre | 6 folhas hortelã | 250 ml água,"Aqueça a água até começar a ferver e desligue. | Adicione os ingredientes, tampe e deixe em infusão por 5 a 8 minutos. | Coe se necessário e consuma sem adoçar ou com o mínimo possível.","Se algum ingrediente não fizer parte da sua rotina ou não for bem tolerado, escolha outra bebida simples da biblioteca.","Para servir mais pessoas, multiplique as quantidades mantendo a mesma proporção dos ingredientes.",Não é a melhor opção para congelar.,Guarde as sobras refrigeradas e consuma em até 2 dias.,"Uma bebida simples com gengibre, hortelã e água, pensada para variar a hidratação e a rotina sem complicação.",As áreas de interesse são filtros editoriais de navegação e não indicam tratamento de sintomas ou doenças. Conteúdo alimentar e educacional; não substitui orientação individual de profissional de saúde.
R271,271,agua-aromatizada-com-limao-e-hortela,Água aromatizada com limão e hortelã,Chás e bebidas,Sono e rotina noturna,5 min | econômica | sem fogão | iniciante,3,Fácil,Baixo,1,700 ml água | 1 porção limão e hortelã,Coloque a água em uma jarra ou garrafa. | Adicione os ingredientes fatiados ou levemente amassados. | Leve à geladeira por pelo menos 30 minutos e consuma ao longo do dia.,"Se algum ingrediente não fizer parte da sua rotina ou não for bem tolerado, escolha outra bebida simples da biblioteca.","Para servir mais pessoas, multiplique as quantidades mantendo a mesma proporção dos ingredientes.",Não é a melhor opção para congelar.,Guarde as sobras refrigeradas e consuma em até 2 dias.,"Uma bebida simples com água e limão e hortelã, pensada para variar a hidratação e a rotina sem complicação.",As áreas de interesse são filtros editoriais de navegação e não indicam tratamento de sintomas ou doenças. Conteúdo alimentar e educacional; não substitui orientação individual de profissional de saúde.
R272,272,agua-aromatizada-com-laranja-e-canela,Água aromatizada com laranja e canela,Chás e bebidas,Sono e rotina noturna,5 min | econômica | sem fogão | iniciante,3,Fácil,Baixo,1,700 ml água | 1 porção laranja e canela,Coloque a água em uma jarra ou garrafa. | Adicione os ingredientes fatiados ou levemente amassados. | Leve à geladeira por pelo menos 30 minutos e consuma ao longo do dia.,"Se algum ingrediente não fizer parte da sua rotina ou não for bem tolerado, escolha outra bebida simples da biblioteca.","Para servir mais pessoas, multiplique as quantidades mantendo a mesma proporção dos ingredientes.",Não é a melhor opção para congelar.,Guarde as sobras refrigeradas e consuma em até 2 dias.,"Uma bebida simples com água e laranja e canela, pensada para variar a hidratação e a rotina sem complicação.",As áreas de interesse são filtros editoriais de navegação e não indicam tratamento de sintomas ou doenças. Conteúdo alimentar e educacional; não substitui orientação individual de profissional de saúde.
R273,273,agua-aromatizada-com-abacaxi-e-hortela,Água aromatizada com abacaxi e hortelã,Chás e bebidas,Sono e rotina noturna,5 min | econômica | sem fogão | iniciante,3,Fácil,Baixo,1,700 ml água | 1 porção abacaxi e hortelã,Coloque a água em uma jarra ou garrafa. | Adicione os ingredientes fatiados ou levemente amassados. | Leve à geladeira por pelo menos 30 minutos e consuma ao longo do dia.,"Se algum ingrediente não fizer parte da sua rotina ou não for bem tolerado, escolha outra bebida simples da biblioteca.","Para servir mais pessoas, multiplique as quantidades mantendo a mesma proporção dos ingredientes.",Não é a melhor opção para congelar.,Guarde as sobras refrigeradas e consuma em até 2 dias.,"Uma bebida simples com água e abacaxi e hortelã, pensada para variar a hidratação e a rotina sem complicação.",As áreas de interesse são filtros editoriais de navegação e não indicam tratamento de sintomas ou doenças. Conteúdo alimentar e educacional; não substitui orientação individual de profissional de saúde.
R274,274,agua-aromatizada-com-maca-e-canela,Água aromatizada com maçã e canela,Chás e bebidas,Sono e rotina noturna,5 min | econômica | sem fogão | iniciante,3,Fácil,Baixo,1,700 ml água | 1 porção maçã e canela,Coloque a água em uma jarra ou garrafa. | Adicione os ingredientes fatiados ou levemente amassados. | Leve à geladeira por pelo menos 30 minutos e consuma ao longo do dia.,"Se algum ingrediente não fizer parte da sua rotina ou não for bem tolerado, escolha outra bebida simples da biblioteca.","Para servir mais pessoas, multiplique as quantidades mantendo a mesma proporção dos ingredientes.",Não é a melhor opção para congelar.,Guarde as sobras refrigeradas e consuma em até 2 dias.,"Uma bebida simples com água e maçã e canela, pensada para variar a hidratação e a rotina sem complicação.",As áreas de interesse são filtros editoriais de navegação e não indicam tratamento de sintomas ou doenças. Conteúdo alimentar e educacional; não substitui orientação individual de profissional de saúde.
R275,275,agua-aromatizada-com-pepino-e-limao,Água aromatizada com pepino e limão,Chás e bebidas,Sono e rotina noturna,5 min | econômica | sem fogão | iniciante,3,Fácil,Baixo,1,700 ml água | 1 porção pepino e limão,Coloque a água em uma jarra ou garrafa. | Adicione os ingredientes fatiados ou levemente amassados. | Leve à geladeira por pelo menos 30 minutos e consuma ao longo do dia.,"Se algum ingrediente não fizer parte da sua rotina ou não for bem tolerado, escolha outra bebida simples da biblioteca.","Para servir mais pessoas, multiplique as quantidades mantendo a mesma proporção dos ingredientes.",Não é a melhor opção para congelar.,Guarde as sobras refrigeradas e consuma em até 2 dias.,"Uma bebida simples com água e pepino e limão, pensada para variar a hidratação e a rotina sem complicação.",As áreas de interesse são filtros editoriais de navegação e não indicam tratamento de sintomas ou doenças. Conteúdo alimentar e educacional; não substitui orientação individual de profissional de saúde.
R276,276,leite-morno-com-canela,Leite morno com canela,Chás e bebidas,Sono e rotina noturna,5 min | econômica | iniciante,5,Fácil,Baixo,1,200 ml leite | 1 pitada canela,Aqueça o leite em fogo baixo sem deixar ferver. | Desligue e misture a canela. | Sirva morno.,"Se algum ingrediente não fizer parte da sua rotina ou não for bem tolerado, escolha outra bebida simples da biblioteca.","Para servir mais pessoas, multiplique as quantidades mantendo a mesma proporção dos ingredientes.",Não é a melhor opção para congelar.,Guarde as sobras refrigeradas e consuma em até 2 dias.,"Uma bebida simples com leite e canela, pensada para variar a hidratação e a rotina sem complicação.",As áreas de interesse são filtros editoriais de navegação e não indicam tratamento de sintomas ou doenças. Conteúdo alimentar e educacional; não substitui orientação individual de profissional de saúde.
R277,277,bebida-morna-de-aveia-e-canela,Bebida morna de aveia e canela,Chás e bebidas,Sono e rotina noturna | Intestino e digestão,5 min | econômica | iniciante,5,Fácil,Baixo,1,200 ml leite ou água | 2 colheres (sopa) aveia | 1 pitada canela,"Aqueça o leite ou a água com a aveia por 3 a 4 minutos, mexendo. | Desligue quando ficar levemente encorpado. | Finalize com canela e sirva morno.","Se algum ingrediente não fizer parte da sua rotina ou não for bem tolerado, escolha outra bebida simples da biblioteca.","Para servir mais pessoas, multiplique as quantidades mantendo a mesma proporção dos ingredientes.",Não é a melhor opção para congelar.,Guarde as sobras refrigeradas e consuma em até 2 dias.,"Uma bebida simples com leite ou água, aveia e canela, pensada para variar a hidratação e a rotina sem complicação.",As áreas de interesse são filtros editoriais de navegação e não indicam tratamento de sintomas ou doenças. Conteúdo alimentar e educacional; não substitui orientação individual de profissional de saúde.
R278,278,infusao-de-casca-de-maca-com-canela,Infusão de casca de maçã com canela,Chás e bebidas,Sono e rotina noturna,até 10 min | econômica | iniciante,8,Fácil,Baixo,1,1 colher (sopa) ou 1 sachê casca de maçã e canela | 250 ml água,"Aqueça a água até começar a ferver e desligue. | Adicione os ingredientes, tampe e deixe em infusão por 5 a 8 minutos. | Coe se necessário e consuma sem adoçar ou com o mínimo possível.","Se algum ingrediente não fizer parte da sua rotina ou não for bem tolerado, escolha outra bebida simples da biblioteca.","Para servir mais pessoas, multiplique as quantidades mantendo a mesma proporção dos ingredientes.",Não é a melhor opção para congelar.,Guarde as sobras refrigeradas e consuma em até 2 dias.,"Uma bebida simples com casca de maçã e canela e água, pensada para variar a hidratação e a rotina sem complicação.",As áreas de interesse são filtros editoriais de navegação e não indicam tratamento de sintomas ou doenças. Conteúdo alimentar e educacional; não substitui orientação individual de profissional de saúde.
R279,279,infusao-de-hortela-com-gengibre,Infusão de hortelã com gengibre,Chás e bebidas,Dores e incômodos físicos | Sono e rotina noturna,até 10 min | econômica | iniciante,8,Fácil,Baixo,1,1 colher (sopa) ou 1 sachê hortelã e gengibre | 250 ml água,"Aqueça a água até começar a ferver e desligue. | Adicione os ingredientes, tampe e deixe em infusão por 5 a 8 minutos. | Coe se necessário e consuma sem adoçar ou com o mínimo possível.","Se algum ingrediente não fizer parte da sua rotina ou não for bem tolerado, escolha outra bebida simples da biblioteca.","Para servir mais pessoas, multiplique as quantidades mantendo a mesma proporção dos ingredientes.",Não é a melhor opção para congelar.,Guarde as sobras refrigeradas e consuma em até 2 dias.,"Uma bebida simples com hortelã e gengibre e água, pensada para variar a hidratação e a rotina sem complicação.",As áreas de interesse são filtros editoriais de navegação e não indicam tratamento de sintomas ou doenças. Conteúdo alimentar e educacional; não substitui orientação individual de profissional de saúde.
R280,280,cha-suave-de-capim-limao,Chá suave de capim-limão,Chás e bebidas,Sono e rotina noturna,até 10 min | econômica | iniciante,8,Fácil,Baixo,1,1 colher (sopa) ou 1 sachê capim-limão | 250 ml água,"Aqueça a água até começar a ferver e desligue. | Adicione os ingredientes, tampe e deixe em infusão por 5 a 8 minutos. | Coe se necessário e consuma sem adoçar ou com o mínimo possível.","Se algum ingrediente não fizer parte da sua rotina ou não for bem tolerado, escolha outra bebida simples da biblioteca.","Para servir mais pessoas, multiplique as quantidades mantendo a mesma proporção dos ingredientes.",Não é a melhor opção para congelar.,Guarde as sobras refrigeradas e consuma em até 2 dias.,"Uma bebida simples com capim-limão e água, pensada para variar a hidratação e a rotina sem complicação.",As áreas de interesse são filtros editoriais de navegação e não indicam tratamento de sintomas ou doenças. Conteúdo alimentar e educacional; não substitui orientação individual de profissional de saúde.
R281,281,sos-arroz-feijao-e-ovo-em-8-minutos,"SOS: arroz, feijão e ovo em 8 minutos",Refeições SOS,Memória e concentração | Energia e disposição | Circulação,até 10 min | econômica | marmita | iniciante,8,Fácil,Baixo,1,"1 porção arroz cozido | 1 porção feijão cozido | 1 unidade ovo | a gosto azeite, limão ou ervas",Separe os ingredientes já prontos ou de preparo rápido. | Aqueça apenas o que precisar. | Monte a refeição e finalize com temperos simples.,Use preparos já prontos da geladeira mantendo a lógica da receita. | Troque por uma opção SOS equivalente se faltar algum ingrediente principal.,"Para servir mais pessoas, multiplique as quantidades mantendo a mesma proporção dos ingredientes.",Não é a melhor opção para congelar.,A proposta é justamente aproveitar preparos já feitos e evitar delivery por falta de tempo.,"Plano B rápido com arroz cozido, feijão cozido e ovo, pensado para os dias em que falta tempo e sobra vontade de pedir qualquer coisa.",As áreas de interesse são filtros editoriais de navegação e não indicam tratamento de sintomas ou doenças. Conteúdo alimentar e educacional; não substitui orientação individual de profissional de saúde.
R282,282,sos-cuscuz-com-ovo-e-tomate,SOS: cuscuz com ovo e tomate,Refeições SOS,Energia e disposição | Memória e concentração,até 10 min | econômica | marmita | iniciante,8,Fácil,Baixo,1,"1 xícara pronto cuscuz | 1 unidade ovo | 1 unidade média tomate | a gosto azeite, limão ou ervas",Separe os ingredientes já prontos ou de preparo rápido. | Aqueça apenas o que precisar. | Monte a refeição e finalize com temperos simples.,Use preparos já prontos da geladeira mantendo a lógica da receita. | Troque por uma opção SOS equivalente se faltar algum ingrediente principal.,"Para servir mais pessoas, multiplique as quantidades mantendo a mesma proporção dos ingredientes.",Não é a melhor opção para congelar.,A proposta é justamente aproveitar preparos já feitos e evitar delivery por falta de tempo.,"Plano B rápido com cuscuz, ovo e tomate, pensado para os dias em que falta tempo e sobra vontade de pedir qualquer coisa.",As áreas de interesse são filtros editoriais de navegação e não indicam tratamento de sintomas ou doenças. Conteúdo alimentar e educacional; não substitui orientação individual de profissional de saúde.
R283,283,sos-sanduiche-de-sardinha-e-tomate,SOS: sanduíche de sardinha e tomate,Refeições SOS,Dores e incômodos físicos | Circulação | Memória e concentração,até 10 min | econômica | iniciante,8,Fácil,Baixo,1,"1 porção pão | 1 lata pequena escorrida sardinha | 1 unidade média tomate | a gosto azeite, limão ou ervas",Separe os ingredientes já prontos ou de preparo rápido. | Aqueça apenas o que precisar. | Monte a refeição e finalize com temperos simples.,Use preparos já prontos da geladeira mantendo a lógica da receita. | Troque por uma opção SOS equivalente se faltar algum ingrediente principal.,"Para servir mais pessoas, multiplique as quantidades mantendo a mesma proporção dos ingredientes.",Não é a melhor opção para congelar.,A proposta é justamente aproveitar preparos já feitos e evitar delivery por falta de tempo.,"Plano B rápido com pão, sardinha e tomate, pensado para os dias em que falta tempo e sobra vontade de pedir qualquer coisa.",As áreas de interesse são filtros editoriais de navegação e não indicam tratamento de sintomas ou doenças. Conteúdo alimentar e educacional; não substitui orientação individual de profissional de saúde.
R284,284,sos-sanduiche-de-frango-e-cenoura,SOS: sanduíche de frango e cenoura,Refeições SOS,Peso e saciedade | Energia e disposição,até 10 min | econômica | iniciante,8,Fácil,Baixo,1,"1 porção pão | 1/2 xícara frango desfiado | 1 unidade pequena cenoura | a gosto azeite, limão ou ervas",Separe os ingredientes já prontos ou de preparo rápido. | Aqueça apenas o que precisar. | Monte a refeição e finalize com temperos simples.,Use preparos já prontos da geladeira mantendo a lógica da receita. | Troque por uma opção SOS equivalente se faltar algum ingrediente principal.,"Para servir mais pessoas, multiplique as quantidades mantendo a mesma proporção dos ingredientes.",Não é a melhor opção para congelar.,A proposta é justamente aproveitar preparos já feitos e evitar delivery por falta de tempo.,"Plano B rápido com pão, frango desfiado e cenoura, pensado para os dias em que falta tempo e sobra vontade de pedir qualquer coisa.",As áreas de interesse são filtros editoriais de navegação e não indicam tratamento de sintomas ou doenças. Conteúdo alimentar e educacional; não substitui orientação individual de profissional de saúde.
R285,285,sos-tapioca-de-ovo-e-queijo-branco,SOS: tapioca de ovo e queijo branco,Refeições SOS,Energia e disposição | Memória e concentração,até 10 min | iniciante,8,Fácil,Médio,1,"1 porção tapioca | 1 unidade ovo | 2 fatias finas queijo branco | a gosto azeite, limão ou ervas",Separe os ingredientes já prontos ou de preparo rápido. | Aqueça apenas o que precisar. | Monte a refeição e finalize com temperos simples.,Use preparos já prontos da geladeira mantendo a lógica da receita. | Troque por uma opção SOS equivalente se faltar algum ingrediente principal.,"Para servir mais pessoas, multiplique as quantidades mantendo a mesma proporção dos ingredientes.",Não é a melhor opção para congelar.,A proposta é justamente aproveitar preparos já feitos e evitar delivery por falta de tempo.,"Plano B rápido com tapioca, ovo e queijo branco, pensado para os dias em que falta tempo e sobra vontade de pedir qualquer coisa.",As áreas de interesse são filtros editoriais de navegação e não indicam tratamento de sintomas ou doenças. Conteúdo alimentar e educacional; não substitui orientação individual de profissional de saúde.
R286,286,sos-omelete-de-sobras-de-legumes,SOS: omelete de sobras de legumes,Refeições SOS,Memória e concentração | Energia e disposição,até 10 min | econômica | uma panela só | iniciante,8,Fácil,Baixo,1,"1 unidade ovo | 1 porção legumes prontos | 1/2 unidade cebola | a gosto azeite, limão ou ervas",Separe os ingredientes já prontos ou de preparo rápido. | Aqueça apenas o que precisar. | Monte a refeição e finalize com temperos simples.,Use preparos já prontos da geladeira mantendo a lógica da receita. | Troque por uma opção SOS equivalente se faltar algum ingrediente principal.,"Para servir mais pessoas, multiplique as quantidades mantendo a mesma proporção dos ingredientes.",Não é a melhor opção para congelar.,A proposta é justamente aproveitar preparos já feitos e evitar delivery por falta de tempo.,"Plano B rápido com ovo, legumes prontos e cebola, pensado para os dias em que falta tempo e sobra vontade de pedir qualquer coisa.",As áreas de interesse são filtros editoriais de navegação e não indicam tratamento de sintomas ou doenças. Conteúdo alimentar e educacional; não substitui orientação individual de profissional de saúde.
R287,287,sos-bowl-de-arroz-atum-e-tomate,"SOS: bowl de arroz, atum e tomate",Refeições SOS,Dores e incômodos físicos | Circulação | Memória e concentração,até 10 min | marmita | iniciante,8,Fácil,Médio,1,"1 porção arroz cozido | 1/2 lata escorrida atum | 1 unidade média tomate | a gosto azeite, limão ou ervas",Separe os ingredientes já prontos ou de preparo rápido. | Aqueça apenas o que precisar. | Monte a refeição e finalize com temperos simples.,Use preparos já prontos da geladeira mantendo a lógica da receita. | Troque por uma opção SOS equivalente se faltar algum ingrediente principal.,"Para servir mais pessoas, multiplique as quantidades mantendo a mesma proporção dos ingredientes.",Não é a melhor opção para congelar.,A proposta é justamente aproveitar preparos já feitos e evitar delivery por falta de tempo.,"Plano B rápido com arroz cozido, atum e tomate, pensado para os dias em que falta tempo e sobra vontade de pedir qualquer coisa.",As áreas de interesse são filtros editoriais de navegação e não indicam tratamento de sintomas ou doenças. Conteúdo alimentar e educacional; não substitui orientação individual de profissional de saúde.
R288,288,sos-bowl-de-feijao-ovo-e-couve,"SOS: bowl de feijão, ovo e couve",Refeições SOS,Memória e concentração | Circulação | Intestino e digestão,até 10 min | econômica | marmita | iniciante,8,Fácil,Baixo,1,"1 porção feijão cozido | 1 unidade ovo | 1 xícara fatiada couve | a gosto azeite, limão ou ervas",Separe os ingredientes já prontos ou de preparo rápido. | Aqueça apenas o que precisar. | Monte a refeição e finalize com temperos simples.,Use preparos já prontos da geladeira mantendo a lógica da receita. | Troque por uma opção SOS equivalente se faltar algum ingrediente principal.,"Para servir mais pessoas, multiplique as quantidades mantendo a mesma proporção dos ingredientes.",Não é a melhor opção para congelar.,A proposta é justamente aproveitar preparos já feitos e evitar delivery por falta de tempo.,"Plano B rápido com feijão cozido, ovo e couve, pensado para os dias em que falta tempo e sobra vontade de pedir qualquer coisa.",As áreas de interesse são filtros editoriais de navegação e não indicam tratamento de sintomas ou doenças. Conteúdo alimentar e educacional; não substitui orientação individual de profissional de saúde.
R289,289,sos-iogurte-banana-aveia-e-amendoim,"SOS: iogurte, banana, aveia e amendoim",Refeições SOS,Energia e disposição | Intestino e digestão | Peso e saciedade,até 10 min | econômica | iniciante,8,Fácil,Baixo,1,"1 porção iogurte | 1 porção banana | 2 colheres (sopa) aveia | a gosto azeite, limão ou ervas",Separe os ingredientes já prontos ou de preparo rápido. | Aqueça apenas o que precisar. | Monte a refeição e finalize com temperos simples.,Use preparos já prontos da geladeira mantendo a lógica da receita. | Troque por uma opção SOS equivalente se faltar algum ingrediente principal.,"Para servir mais pessoas, multiplique as quantidades mantendo a mesma proporção dos ingredientes.",Não é a melhor opção para congelar.,A proposta é justamente aproveitar preparos já feitos e evitar delivery por falta de tempo.,"Plano B rápido com iogurte, banana e aveia, pensado para os dias em que falta tempo e sobra vontade de pedir qualquer coisa.",As áreas de interesse são filtros editoriais de navegação e não indicam tratamento de sintomas ou doenças. Conteúdo alimentar e educacional; não substitui orientação individual de profissional de saúde.
R290,290,sos-mamao-iogurte-e-chia,"SOS: mamão, iogurte e chia",Refeições SOS,Energia e disposição | Intestino e digestão | Peso e saciedade,até 10 min | econômica | sem fogão | iniciante,8,Fácil,Baixo,1,1/2 mamão papaia mamão | 1 pote pequeno iogurte natural | 1 colher (sopa) chia,Corte o mamão em cubos. | Junte o iogurte e a chia. | Misture e coma na hora.,Use preparos já prontos da geladeira mantendo a lógica da receita. | Troque por uma opção SOS equivalente se faltar algum ingrediente principal.,"Para servir mais pessoas, multiplique as quantidades mantendo a mesma proporção dos ingredientes.",Não é a melhor opção para congelar.,A proposta é justamente aproveitar preparos já feitos e evitar delivery por falta de tempo.,"Plano B rápido com mamão, iogurte natural e chia, pensado para os dias em que falta tempo e sobra vontade de pedir qualquer coisa.",As áreas de interesse são filtros editoriais de navegação e não indicam tratamento de sintomas ou doenças. Conteúdo alimentar e educacional; não substitui orientação individual de profissional de saúde.
R291,291,sos-sopa-do-freezer-com-ovo-cozido,SOS: sopa do freezer com ovo cozido,Refeições SOS,Memória e concentração | Energia e disposição,até 10 min | econômica | uma panela só | iniciante,8,Fácil,Baixo,1,"1 porção sopa congelada | 1 unidade ovo | 2 colheres (sopa) cheiro-verde | a gosto azeite, limão ou ervas",Separe os ingredientes já prontos ou de preparo rápido. | Aqueça apenas o que precisar. | Monte a refeição e finalize com temperos simples.,Use preparos já prontos da geladeira mantendo a lógica da receita. | Troque por uma opção SOS equivalente se faltar algum ingrediente principal.,"Para servir mais pessoas, multiplique as quantidades mantendo a mesma proporção dos ingredientes.",Não é a melhor opção para congelar.,A proposta é justamente aproveitar preparos já feitos e evitar delivery por falta de tempo.,"Plano B rápido com sopa congelada, ovo e cheiro-verde, pensado para os dias em que falta tempo e sobra vontade de pedir qualquer coisa.",As áreas de interesse são filtros editoriais de navegação e não indicam tratamento de sintomas ou doenças. Conteúdo alimentar e educacional; não substitui orientação individual de profissional de saúde.
R292,292,sos-frango-pronto-com-legumes-congelados,SOS: frango pronto com legumes congelados,Refeições SOS,Energia e disposição,até 10 min | econômica | marmita | iniciante,8,Fácil,Baixo,1,"1 porção frango pronto | 1 porção legumes congelados | 1 xícara cozido arroz | a gosto azeite, limão ou ervas",Separe os ingredientes já prontos ou de preparo rápido. | Aqueça apenas o que precisar. | Monte a refeição e finalize com temperos simples.,Use preparos já prontos da geladeira mantendo a lógica da receita. | Troque por uma opção SOS equivalente se faltar algum ingrediente principal.,"Para servir mais pessoas, multiplique as quantidades mantendo a mesma proporção dos ingredientes.",Não é a melhor opção para congelar.,A proposta é justamente aproveitar preparos já feitos e evitar delivery por falta de tempo.,"Plano B rápido com frango pronto, legumes congelados e arroz, pensado para os dias em que falta tempo e sobra vontade de pedir qualquer coisa.",As áreas de interesse são filtros editoriais de navegação e não indicam tratamento de sintomas ou doenças. Conteúdo alimentar e educacional; não substitui orientação individual de profissional de saúde.
R293,293,sos-sardinha-cuscuz-e-tomate,"SOS: sardinha, cuscuz e tomate",Refeições SOS,Dores e incômodos físicos | Circulação | Memória e concentração,até 10 min | econômica | marmita | iniciante,8,Fácil,Baixo,1,"1 lata pequena escorrida sardinha | 1 xícara pronto cuscuz | 1 unidade média tomate | a gosto azeite, limão ou ervas",Separe os ingredientes já prontos ou de preparo rápido. | Aqueça apenas o que precisar. | Monte a refeição e finalize com temperos simples.,Use preparos já prontos da geladeira mantendo a lógica da receita. | Troque por uma opção SOS equivalente se faltar algum ingrediente principal.,"Para servir mais pessoas, multiplique as quantidades mantendo a mesma proporção dos ingredientes.",Não é a melhor opção para congelar.,A proposta é justamente aproveitar preparos já feitos e evitar delivery por falta de tempo.,"Plano B rápido com sardinha, cuscuz e tomate, pensado para os dias em que falta tempo e sobra vontade de pedir qualquer coisa.",As áreas de interesse são filtros editoriais de navegação e não indicam tratamento de sintomas ou doenças. Conteúdo alimentar e educacional; não substitui orientação individual de profissional de saúde.
R294,294,sos-ovo-mexido-pao-e-fruta,"SOS: ovo mexido, pão e fruta",Refeições SOS,Memória e concentração | Energia e disposição,até 10 min | econômica | iniciante,8,Fácil,Baixo,1,"1 unidade ovo | 1 porção pão | 1 porção pequena fruta | a gosto azeite, limão ou ervas",Separe os ingredientes já prontos ou de preparo rápido. | Aqueça apenas o que precisar. | Monte a refeição e finalize com temperos simples.,Use preparos já prontos da geladeira mantendo a lógica da receita. | Troque por uma opção SOS equivalente se faltar algum ingrediente principal.,"Para servir mais pessoas, multiplique as quantidades mantendo a mesma proporção dos ingredientes.",Não é a melhor opção para congelar.,A proposta é justamente aproveitar preparos já feitos e evitar delivery por falta de tempo.,"Plano B rápido com ovo, pão e fruta, pensado para os dias em que falta tempo e sobra vontade de pedir qualquer coisa.",As áreas de interesse são filtros editoriais de navegação e não indicam tratamento de sintomas ou doenças. Conteúdo alimentar e educacional; não substitui orientação individual de profissional de saúde.
R295,295,sos-arroz-lentilha-e-legumes-prontos,"SOS: arroz, lentilha e legumes prontos",Refeições SOS,Energia e disposição | Circulação | Intestino e digestão,até 10 min | econômica | marmita | iniciante,8,Fácil,Baixo,1,"1 porção arroz cozido | 1 porção lentilha cozida | 1 porção pequena legumes prontos | a gosto azeite, limão ou ervas",Separe os ingredientes já prontos ou de preparo rápido. | Aqueça apenas o que precisar. | Monte a refeição e finalize com temperos simples.,Use preparos já prontos da geladeira mantendo a lógica da receita. | Troque por uma opção SOS equivalente se faltar algum ingrediente principal.,"Para servir mais pessoas, multiplique as quantidades mantendo a mesma proporção dos ingredientes.",Não é a melhor opção para congelar.,A proposta é justamente aproveitar preparos já feitos e evitar delivery por falta de tempo.,"Plano B rápido com arroz cozido, lentilha cozida e legumes prontos, pensado para os dias em que falta tempo e sobra vontade de pedir qualquer coisa.",As áreas de interesse são filtros editoriais de navegação e não indicam tratamento de sintomas ou doenças. Conteúdo alimentar e educacional; não substitui orientação individual de profissional de saúde.
R296,296,sos-macarrao-rapido-com-atum-e-tomate,SOS: macarrão rápido com atum e tomate,Refeições SOS,Dores e incômodos físicos | Circulação | Memória e concentração,até 10 min | marmita | iniciante,8,Fácil,Médio,1,"1 xícara cozido macarrão | 1/2 lata escorrida atum | 1 unidade média tomate | a gosto azeite, limão ou ervas",Separe os ingredientes já prontos ou de preparo rápido. | Aqueça apenas o que precisar. | Monte a refeição e finalize com temperos simples.,Use preparos já prontos da geladeira mantendo a lógica da receita. | Troque por uma opção SOS equivalente se faltar algum ingrediente principal.,"Para servir mais pessoas, multiplique as quantidades mantendo a mesma proporção dos ingredientes.",Não é a melhor opção para congelar.,A proposta é justamente aproveitar preparos já feitos e evitar delivery por falta de tempo.,"Plano B rápido com macarrão, atum e tomate, pensado para os dias em que falta tempo e sobra vontade de pedir qualquer coisa.",As áreas de interesse são filtros editoriais de navegação e não indicam tratamento de sintomas ou doenças. Conteúdo alimentar e educacional; não substitui orientação individual de profissional de saúde.
R297,297,sos-tapioca-com-frango-desfiado,SOS: tapioca com frango desfiado,Refeições SOS,Energia e disposição,até 10 min | econômica | iniciante,8,Fácil,Baixo,1,"1 porção tapioca | 1/2 xícara frango desfiado | 1 unidade média tomate | a gosto azeite, limão ou ervas",Separe os ingredientes já prontos ou de preparo rápido. | Aqueça apenas o que precisar. | Monte a refeição e finalize com temperos simples.,Use preparos já prontos da geladeira mantendo a lógica da receita. | Troque por uma opção SOS equivalente se faltar algum ingrediente principal.,"Para servir mais pessoas, multiplique as quantidades mantendo a mesma proporção dos ingredientes.",Não é a melhor opção para congelar.,A proposta é justamente aproveitar preparos já feitos e evitar delivery por falta de tempo.,"Plano B rápido com tapioca, frango desfiado e tomate, pensado para os dias em que falta tempo e sobra vontade de pedir qualquer coisa.",As áreas de interesse são filtros editoriais de navegação e não indicam tratamento de sintomas ou doenças. Conteúdo alimentar e educacional; não substitui orientação individual de profissional de saúde.
R298,298,sos-cuscuz-com-sardinha-e-cheiro-verde,SOS: cuscuz com sardinha e cheiro-verde,Refeições SOS,Dores e incômodos físicos | Circulação | Memória e concentração,até 10 min | econômica | iniciante,8,Fácil,Baixo,1,"1 xícara pronto cuscuz | 1 lata pequena escorrida sardinha | 2 colheres (sopa) cheiro-verde | a gosto azeite, limão ou ervas",Separe os ingredientes já prontos ou de preparo rápido. | Aqueça apenas o que precisar. | Monte a refeição e finalize com temperos simples.,Use preparos já prontos da geladeira mantendo a lógica da receita. | Troque por uma opção SOS equivalente se faltar algum ingrediente principal.,"Para servir mais pessoas, multiplique as quantidades mantendo a mesma proporção dos ingredientes.",Não é a melhor opção para congelar.,A proposta é justamente aproveitar preparos já feitos e evitar delivery por falta de tempo.,"Plano B rápido com cuscuz, sardinha e cheiro-verde, pensado para os dias em que falta tempo e sobra vontade de pedir qualquer coisa.",As áreas de interesse são filtros editoriais de navegação e não indicam tratamento de sintomas ou doenças. Conteúdo alimentar e educacional; não substitui orientação individual de profissional de saúde.
R299,299,sos-salada-de-grao-de-bico-pronta,SOS: salada de grão-de-bico pronta,Refeições SOS,Circulação | Intestino e digestão | Peso e saciedade,até 10 min | econômica | sem fogão | marmita | iniciante,8,Fácil,Baixo,1,"1 porção grão-de-bico cozido | 1 unidade média tomate | 1 unidade pequena cenoura | a gosto azeite, limão ou ervas",Separe os ingredientes já prontos ou de preparo rápido. | Aqueça apenas o que precisar. | Monte a refeição e finalize com temperos simples.,Use preparos já prontos da geladeira mantendo a lógica da receita. | Troque por uma opção SOS equivalente se faltar algum ingrediente principal.,"Para servir mais pessoas, multiplique as quantidades mantendo a mesma proporção dos ingredientes.",Não é a melhor opção para congelar.,A proposta é justamente aproveitar preparos já feitos e evitar delivery por falta de tempo.,"Plano B rápido com grão-de-bico cozido, tomate e cenoura, pensado para os dias em que falta tempo e sobra vontade de pedir qualquer coisa.",As áreas de interesse são filtros editoriais de navegação e não indicam tratamento de sintomas ou doenças. Conteúdo alimentar e educacional; não substitui orientação individual de profissional de saúde.
R300,300,sos-prato-de-sobras-organizado,SOS: prato de sobras organizado,Refeições SOS,Energia e disposição,até 10 min | econômica | marmita | iniciante,8,Fácil,Baixo,1,"1 porção arroz ou base pronta | 1 porção proteína pronta | 1 porção pequena legume pronto | a gosto azeite, limão ou ervas",Separe os ingredientes já prontos ou de preparo rápido. | Aqueça apenas o que precisar. | Monte a refeição e finalize com temperos simples.,Use preparos já prontos da geladeira mantendo a lógica da receita. | Troque por uma opção SOS equivalente se faltar algum ingrediente principal.,"Para servir mais pessoas, multiplique as quantidades mantendo a mesma proporção dos ingredientes.",Não é a melhor opção para congelar.,A proposta é justamente aproveitar preparos já feitos e evitar delivery por falta de tempo.,"Plano B rápido com arroz ou base pronta, proteína pronta e legume pronto, pensado para os dias em que falta tempo e sobra vontade de pedir qualquer coisa.",As áreas de interesse são filtros editoriais de navegação e não indicam tratamento de sintomas ou doenças. Conteúdo alimentar e educacional; não substitui orientação individual de profissional de saúde.
